Jornada,Dia,Hora,Local,Equipa 1,Golos 1,Golos 2,Equipa 2,Divisao,Grupo,Falta de Comparência,Elo Antes 1,Elo Antes 2,Season Phase 1,Season Phase 2,Proportional Multiplier,K Factor 1,K Factor 2,Elo Change 1,Elo Change 2,Elo Delta 1,Elo Delta 2,Elo Depois 1,Elo Depois 2,Has Absence,Inter Group Adjustment 1,Inter Group Adjustment 2,Final Elo 1,Final Elo 2
1,2024-10-21 00:00:00,20h15,PAH,Biologia,0.0,2.0,EGI,1.0,,,1000,1000,2.0,2.0,1.148698354997035,229.73967099940702,229.73967099940702,-0.5,0.5,-115,115,885,1115,False,0,0,885,1115
1,2024-10-21 00:00:00,20h15,PAH,DPT,0.0,2.0,Design,1.0,,,1000,1000,2.0,2.0,1.148698354997035,229.73967099940702,229.73967099940702,-0.5,0.5,-115,115,885,1115,False,0,0,885,1115
1,2024-10-21 00:00:00,20h15,PAH,GPT,2.0,0.0,Eng. Informática ,1.0,,,1000,1000,2.0,2.0,1.148698354997035,229.73967099940702,229.73967099940702,0.5,-0.5,115,-115,1115,885,False,0,0,1115,885
1,2024-10-21 00:00:00,21h15,PAH,ECT,0.0,2.0,Fisioterapia,1.0,,,1000,1000,2.0,2.0,1.148698354997035,229.73967099940702,229.73967099940702,-0.5,0.5,-115,115,885,1115,False,0,0,885,1115
1,2024-10-21 00:00:00,21h15,PAH,Música,2.0,0.0,TI,1.0,,,1000,1000,2.0,2.0,1.148698354997035,229.73967099940702,229.73967099940702,0.5,-0.5,115,-115,1115,885,False,0,0,1115,885
1,2024-10-21 00:00:00,21h15,PAH,Ciências do Mar,2.0,1.0,Eng. Cívil,2.0,A,,500,500,2.0,2.0,1.0717734625362931,214.35469250725862,214.35469250725862,0.5,-0.5,107,-107,607,393,False,0,0,607,393
1,2024-10-21 00:00:00,22h15,PAH,Psicologia,2.0,1.0,Eng. Informática B,2.0,A,,500,500,2.0,2.0,1.0717734625362931,214.35469250725862,214.35469250725862,0.5,-0.5,107,-107,607,393,False,0,0,607,393
1,2024-10-21 00:00:00,22h15,PAH,AP,2.0,0.0,Matemática,2.0,A,,500,500,2.0,2.0,1.148698354997035,229.73967099940702,229.73967099940702,0.5,-0.5,115,-115,615,385,False,0,0,615,385
1,2024-10-21 00:00:00,23h15,PAH,Eng. Física,2.0,0.0,Gestao,2.0,A,,500,500,2.0,2.0,1.148698354997035,229.73967099940702,229.73967099940702,0.5,-0.5,115,-115,615,385,False,0,0,615,385
1,2024-10-21 00:00:00,23h15,PAH,Bioquímica,2.0,1.0,LRE,2.0,A,,500,500,2.0,2.0,1.0717734625362931,214.35469250725862,214.35469250725862,0.5,-0.5,107,-107,607,393,False,0,0,607,393
1,2024-11-04 00:00:00,20h15,PAH,Eng. Computacional,1.0,2.0,MTC,2.0,B,,500,500,2.0,2.0,1.0717734625362931,214.35469250725862,214.35469250725862,-0.5,0.5,-107,107,393,607,False,0,0,393,607
1,2024-11-04 00:00:00,20h15,PAH,Eng. Biomédica,0.0,2.0,Eng. Mecânica,2.0,B,,500,500,2.0,2.0,1.148698354997035,229.73967099940702,229.73967099940702,-0.5,0.5,-115,115,385,615,False,0,0,385,615
1,2024-11-04 00:00:00,21h15,PAH,Eng. Materiais,2.0,1.0,Física,2.0,B,,500,500,2.0,2.0,1.0717734625362931,214.35469250725862,214.35469250725862,0.5,-0.5,107,-107,607,393,False,0,0,607,393
1,2024-11-04 00:00:00,21h15,PAH,Economia,2.0,0.0,EET B,2.0,B,,500,500,2.0,2.0,1.148698354997035,229.73967099940702,229.73967099940702,0.5,-0.5,115,-115,615,385,False,0,0,615,385
1,2024-11-04 00:00:00,22h15,PAH,Contabilidade,0.0,2.0,Eng. Ambiente,2.0,B,,500,500,2.0,2.0,1.148698354997035,229.73967099940702,229.73967099940702,-0.5,0.5,-115,115,385,615,False,0,0,385,615
2,2024-11-04 00:00:00,23h15,PAH,Física,0.0,2.0,Economia,2.0,B,,393,615,1.4344650847254958,1.4344650847254958,1.148698354997035,164.77676831248598,164.77676831248598,-0.11458946343928747,0.11458946343928744,-19,19,374,634,False,0,0,374,634
2,2024-11-04 00:00:00,23h15,PAH,CBM,2.0,0.0,Contabilidade,2.0,B,,500,385,2.0,1.4344650847254958,1.148698354997035,229.73967099940702,164.77676831248598,0.2574644410569302,-0.25746444105693017,59,-42,559,343,False,0,0,559,343
2,2024-11-05 00:00:00,20h15,PAH,Eng. Cívil,2.0,0.0,Bioquímica,2.0,A,,393,607,1.4344650847254958,1.4344650847254958,1.148698354997035,164.77676831248598,164.77676831248598,0.8777198605231914,-0.8777198605231913,145,-145,538,462,False,0,0,538,462
2,2024-11-05 00:00:00,21h15,PAH,Biotecnologia,0.0,2.0,Ciências do Mar,2.0,A,,500,607,2.0,1.4344650847254958,1.148698354997035,229.73967099940702,164.77676831248598,-0.27180055700473754,0.2718005570047375,-62,45,438,652,False,0,0,438,652
2,2024-11-05 00:00:00,22h15,PAH,EGI,2.0,0.0,Música,1.0,,,1115,1115,1.4344650847254958,1.4344650847254958,1.148698354997035,164.77676831248598,164.77676831248598,0.5,-0.5,82,-82,1197,1033,False,0,0,1197,1033
2,2024-11-05 00:00:00,22h15,PAH,Eng. Química,0.0,2.0,DPT,1.0,,,1000,885,2.0,1.4344650847254958,1.148698354997035,229.73967099940702,164.77676831248598,-0.7425355589430698,0.7425355589430698,-171,122,829,1007,False,0,0,829,1007
2,2024-11-05 00:00:00,22h15,PAH,Matemática,0.0,2.0,Psicologia,2.0,A,,385,607,1.4344650847254958,1.4344650847254958,1.148698354997035,164.77676831248598,164.77676831248598,-0.11458946343928747,0.11458946343928744,-19,19,366,626,False,0,0,366,626
2,2024-11-05 00:00:00,22h15,PAH,Design,2.0,0.0,Biologia,1.0,,,1115,885,1.4344650847254958,1.4344650847254958,1.148698354997035,164.77676831248598,164.77676831248598,0.10732333999384591,-0.10732333999384593,18,-18,1133,867,False,0,0,1133,867
2,2024-11-05 00:00:00,23h15,PAH,TI,2.0,1.0,ECT,1.0,,,885,885,1.4344650847254958,1.4344650847254958,1.0717734625362931,153.74216107436618,153.74216107436618,0.5,-0.5,77,-77,962,808,False,0,0,962,808
2,2024-11-05 00:00:00,23h15,PAH,Eng. Informática ,0.0,2.0,EET,1.0,,,885,1000,1.4344650847254958,2.0,1.148698354997035,164.77676831248598,229.73967099940702,-0.25746444105693017,0.2574644410569302,-42,59,843,1059,False,0,0,843,1059
2,2024-11-05 00:00:00,23h15,PAH,Fisioterapia,1.0,2.0,GPT,1.0,,,1115,1115,1.4344650847254958,1.4344650847254958,1.0717734625362931,153.74216107436618,153.74216107436618,-0.5,0.5,-77,77,1038,1192,False,0,0,1038,1192
2,2024-11-05 00:00:00,23h15,PAH,Gestao,2.0,0.0,AP,2.0,A,,385,615,1.4344650847254958,1.4344650847254958,1.148698354997035,164.77676831248598,164.77676831248598,0.8926766600061541,-0.8926766600061541,147,-147,532,468,False,0,0,532,468
2,2024-11-05 00:00:00,23h15,PAH,LRE,2.0,1.0,Eng. Física,2.0,A,,393,615,1.4344650847254958,1.4344650847254958,1.0717734625362931,153.74216107436618,153.74216107436618,0.8854105365607126,-0.8854105365607126,136,-136,529,479,False,0,0,529,479
1,2024-11-14 00:00:00,23h15,PAH,EET,2.0,0.0,Eng. Química,1.0,,,1059,829,1.4344650847254958,1.4344650847254958,1.148698354997035,164.77676831248598,164.77676831248598,0.10732333999384591,-0.10732333999384593,18,-18,1077,811,False,0,0,1077,811
3,2024-11-20 00:00:00,18h30,PAH,CBM,0.0,2.0,Eng. Mecânica,2.0,B,,559,615,1.4344650847254958,1.4344650847254958,1.148698354997035,164.77676831248598,164.77676831248598,-0.3738397589579467,0.37383975895794663,-62,62,497,677,False,0,0,497,677
3,2024-11-20 00:00:00,18h30,PAH,Eng. Biomédica,2.0,1.0,EET B,2.0,B,,385,385,1.4344650847254958,1.4344650847254958,1.0717734625362931,153.74216107436618,153.74216107436618,0.5,-0.5,77,-77,462,308,False,0,0,462,308
3,2024-11-20 00:00:00,19h30,PAH,Eng. Computacional,2.0,1.0,Física,2.0,B,,393,374,1.4344650847254958,1.2137926106053525,1.0717734625362931,153.74216107436618,130.0910709069465,0.4563621892682824,-0.4563621892682823,70,-59,463,315,False,0,0,463,315
3,2024-11-20 00:00:00,19h30,PAH,Contabilidade,0.0,2.0,Eng. Materiais,2.0,B,,343,607,1.2137926106053525,1.4344650847254958,1.148698354997035,139.42815751099252,164.77676831248598,-0.08079976996747204,0.08079976996747218,-11,13,332,620,False,0,0,332,620
3,2024-11-20 00:00:00,19h30,PAH,Economia,2.0,0.0,Eng. Ambiente,2.0,B,,634,615,1.2137926106053525,1.4344650847254958,1.148698354997035,139.42815751099252,164.77676831248598,0.4563621892682824,-0.4563621892682823,64,-75,698,540,False,0,0,698,540
3,2024-11-20 00:00:00,20h30,PAH,Eng. Cívil,2.0,0.0,Biotecnologia,2.0,A,,538,438,1.2137926106053525,1.4344650847254958,1.148698354997035,139.42815751099252,164.77676831248598,0.2847472489508013,-0.2847472489508014,40,-47,578,391,False,0,0,578,391
3,2024-11-20 00:00:00,20h30,PAH,Ciências do Mar,2.0,0.0,Eng. Informática B,2.0,A,,652,393,1.2137926106053525,1.4344650847254958,1.148698354997035,139.42815751099252,164.77676831248598,0.0842867837725294,-0.08428678377252943,12,-14,664,379,False,0,0,664,379
3,2024-11-20 00:00:00,21h30,PAH,Psicologia,0.0,2.0,Gestao,2.0,A,,626,532,1.2137926106053525,1.2137926106053525,1.148698354997035,139.42815751099252,139.42815751099252,-0.7038651771714404,0.7038651771714404,-98,98,528,630,False,0,0,528,630
3,2024-11-20 00:00:00,21h30,PAH,AP,0.0,2.0,LRE,2.0,A,,468,529,1.2137926106053525,1.2137926106053525,1.148698354997035,139.42815751099252,139.42815751099252,-0.36312396247085243,0.36312396247085243,-51,51,417,580,False,0,0,417,580
3,2024-11-20 00:00:00,21h30,PAH,Bioquímica,0.0,2.0,Eng. Física,2.0,A,,462,479,1.2137926106053525,1.2137926106053525,1.148698354997035,139.42815751099252,139.42815751099252,-0.4609358288549254,0.46093582885492534,-64,64,398,543,False,0,0,398,543
3,2024-11-20 00:00:00,22h30,PAH,Biologia,2.0,0.0,Eng. Química,1.0,,,867,811,1.2137926106053525,1.2137926106053525,1.148698354997035,139.42815751099252,139.42815751099252,0.37383975895794663,-0.3738397589579467,52,-52,919,759,False,0,0,919,759
3,2024-11-20 00:00:00,22h30,PAH,EGI,2.0,0.0,Design,1.0,,,1197,1133,1.2137926106053525,1.2137926106053525,1.148698354997035,139.42815751099252,139.42815751099252,0.3567583556190199,-0.35675835561902,50,-50,1247,1083,False,0,0,1247,1083
3,2024-11-20 00:00:00,23h30,PAH,GPT,2.0,1.0,TI,1.0,,,1192,962,1.2137926106053525,1.2137926106053525,1.0717734625362931,130.0910709069465,130.0910709069465,0.10732333999384591,-0.10732333999384593,14,-14,1206,948,False,0,0,1206,948
2,2024-11-20 00:00:00,23h30,PAH,MTC,0.0,2.0,Eng. Biomédica,2.0,B,,607,462,1.4344650847254958,1.2137926106053525,1.148698354997035,164.77676831248598,139.42815751099252,-0.7917488375081845,0.7917488375081845,-130,110,477,572,False,0,0,477,572
3,2024-11-20 00:00:00,23h30,PAH,Música,2.0,1.0,ECT,1.0,,,1033,808,1.2137926106053525,1.2137926106053525,1.0717734625362931,130.0910709069465,130.0910709069465,0.11181576977811691,-0.11181576977811694,15,-15,1048,793,False,0,0,1048,793
3,2024-11-27 00:00:00,18h30,PAH,DPT,0.0,2.0,Eng. Informática ,1.0,,,1007,843,1.2137926106053525,1.2137926106053525,1.148698354997035,139.42815751099252,139.42815751099252,-0.8191346758699294,0.8191346758699294,-114,114,893,957,False,0,0,893,957
2,2024-11-27 00:00:00,22h30,PAH,EET B,2.0,1.0,Eng. Computacional,2.0,B,,308,463,1.2137926106053525,1.2137926106053525,1.0717734625362931,130.0910709069465,130.0910709069465,0.8065275228171078,-0.8065275228171078,105,-105,413,358,False,0,0,413,358
3,2024-11-27 00:00:00,23h30,PAH,EET,2.0,0.0,Fisioterapia,1.0,,,1077,1038,1.2137926106053525,1.2137926106053525,1.148698354997035,139.42815751099252,139.42815751099252,0.411152444389138,-0.411152444389138,57,-57,1134,981,False,0,0,1134,981
4,2024-12-15 00:00:00,18h30,PAH,Eng. Mecânica,2.0,0.0,Contabilidade,2.0,B,,677,332,1.2137926106053525,1.0,1.148698354997035,139.42815751099252,114.86983549970351,0.040018682017058826,-0.040018682017058875,6,-5,683,327,False,0,0,683,327
4,2024-12-15 00:00:00,18h30,PAH,MTC,0.0,2.0,CBM,2.0,B,,477,497,1.2137926106053525,1.2137926106053525,1.148698354997035,139.42815751099252,139.42815751099252,-0.4540780772195163,0.4540780772195163,-63,63,414,560,False,0,0,414,560
4,2024-12-15 00:00:00,18h30,PAH,EET B,2.0,0.0,Educaçao Básica,2.0,B,Educaçao Básica,413,500,1.0,2.0,1.148698354997035,114.86983549970351,229.73967099940702,0.6902524121551514,-0.6902524121551514,0,0,413,500,True,0,0,413,500
4,2024-12-15 00:00:00,19h30,PAH,Eng. Materiais,0.0,2.0,Economia,2.0,B,,620,698,1.2137926106053525,1.0,1.148698354997035,139.42815751099252,114.86983549970351,-0.32774396816393214,0.32774396816393214,-46,38,574,736,False,0,0,574,736
4,2024-12-15 00:00:00,19h30,PAH,Física,1.0,2.0,Eng. Biomédica,2.0,B,,315,572,1.0,1.0,1.0717734625362931,107.17734625362931,107.17734625362931,-0.08571946895772545,0.08571946895772542,-9,9,306,581,False,0,0,306,581
4,2024-12-15 00:00:00,19h30,PAH,Eng. Ambiente,1.0,2.0,Eng. Computacional,2.0,B,,540,358,1.2137926106053525,1.0,1.0717734625362931,130.0910709069465,107.17734625362931,-0.8424115717828365,0.8424115717828364,-110,90,430,448,False,0,0,430,448
4,2024-12-15 00:00:00,20h30,PAH,Eng. Informática B,1.0,2.0,Eng. Cívil,2.0,A,,379,578,1.2137926106053525,1.0,1.0717734625362931,130.0910709069465,107.17734625362931,-0.13789818755755673,0.13789818755755678,-18,15,361,593,False,0,0,361,593
4,2024-12-15 00:00:00,20h30,PAH,Matemática,1.0,2.0,Ciências do Mar,2.0,A,,366,664,1.2137926106053525,1.0,1.0717734625362931,130.0910709069465,107.17734625362931,-0.060387726708478376,0.06038772670847825,-8,6,358,670,False,0,0,358,670
4,2024-12-15 00:00:00,20h30,PAH,Biotecnologia,0.0,2.0,Bioquímica,2.0,A,,391,398,1.2137926106053525,1.0,1.148698354997035,139.42815751099252,114.86983549970351,-0.48388748518733,0.48388748518732994,-67,56,324,454,False,0,0,324,454
4,2024-12-15 00:00:00,21h30,PAH,LRE,0.0,2.0,Psicologia,2.0,A,,580,528,1.0,1.0,1.148698354997035,114.86983549970351,114.86983549970351,-0.6174969965811122,0.6174969965811122,-71,71,509,599,False,0,0,509,599
4,2024-12-15 00:00:00,21h30,PAH,Eng. Física,2.0,0.0,AP,2.0,A,,543,417,1.0,1.0,1.148698354997035,114.86983549970351,114.86983549970351,0.23857592000107575,-0.23857592000107575,27,-27,570,390,False,0,0,570,390
4,2024-12-15 00:00:00,22h30,PAH,Design,1.0,2.0,Música,1.0,,,1083,1048,1.0,1.0,1.0717734625362931,107.17734625362931,107.17734625362931,-0.5798997603578815,0.5798997603578815,-62,62,1021,1110,False,0,0,1021,1110
4,2024-12-15 00:00:00,22h30,PAH,Eng. Informática ,2.0,0.0,Biologia,1.0,,,957,919,1.0,1.0,1.148698354997035,114.86983549970351,114.86983549970351,0.41338413453755163,-0.41338413453755163,47,-47,1004,872,False,0,0,1004,872
4,2024-12-15 00:00:00,22h30,PAH,Fisioterapia,1.0,2.0,DPT,1.0,,,981,893,1.0,1.0,1.0717734625362931,107.17734625362931,107.17734625362931,-0.6922181614910834,0.6922181614910834,-74,74,907,967,False,0,0,907,967
4,2024-12-15 00:00:00,23h30,PAH,ECT,1.0,2.0,GPT,1.0,,,793,1206,1.0,1.0,1.0717734625362931,107.17734625362931,107.17734625362931,-0.021798584180775366,0.021798584180775404,-2,2,791,1208,False,0,0,791,1208
4,2024-12-15 00:00:00,23h30,PAH,TI,0.0,2.0,EET,1.0,,,948,1134,1.0,1.0,1.148698354997035,114.86983549970351,114.86983549970351,-0.1527590469188147,0.1527590469188147,-18,18,930,1152,False,0,0,930,1152
4,2024-12-15 00:00:00,23h30,PAH,Eng. Química,0.0,2.0,EGI,1.0,,,759,1247,1.0,1.0,1.148698354997035,114.86983549970351,114.86983549970351,-0.011045271895388582,0.011045271895388509,-1,1,758,1248,False,0,0,758,1248
5,2025-02-17 00:00:00,20h15,PAH,CBM,2.0,0.0,EET B,2.0,B,,560,413,1.0,1.4142135623730951,1.148698354997035,114.86983549970351,162.45047927124713,0.20523023300349974,-0.20523023300349966,24,-33,584,380,False,0,0,584,380
5,2025-02-17 00:00:00,21h15,PAH,Eng. Mecânica,2.0,0.0,MTC,2.0,B,,683,414,1.0,1.0,1.148698354997035,114.86983549970351,114.86983549970351,0.07744481621440558,-0.07744481621440553,9,-9,692,405,False,0,0,692,405
5,2025-02-17 00:00:00,23h15,PAH,Biologia,2.0,1.0,Fisioterapia,1.0,,,872,907,1.4142135623730951,1.4142135623730951,1.0717734625362931,151.5716566510398,151.5716566510398,0.5798997603578815,-0.5798997603578815,88,-88,960,819,False,0,0,960,819
5,2025-02-26 00:00:00,16h00,PAH,Eng. Cívil,2.0,1.0,Matemática,2.0,A,,593,358,1.4142135623730951,1.0,1.0717734625362931,151.5716566510398,107.17734625362931,0.10299047362272706,-0.10299047362272698,16,-11,609,347,False,0,0,609,347
5,2025-02-26 00:00:00,16h00,PAH,Biotecnologia,2.0,1.0,Eng. Informática B,2.0,A,,324,361,1.0,1.0,1.0717734625362931,107.17734625362931,107.17734625362931,0.5843806117829594,-0.5843806117829594,63,-63,387,298,False,0,0,387,298
5,2025-02-26 00:00:00,16h00,PAH,Ciências do Mar,2.0,0.0,Gestao,2.0,A,,670,630,1.4142135623730951,1.4142135623730951,1.148698354997035,162.45047927124713,162.45047927124713,0.40892440368505667,-0.4089244036850566,66,-66,736,564,False,0,0,736,564
5,2025-02-26 00:00:00,17h00,PAH,Psicologia,0.0,2.0,Eng. Física,2.0,A,,599,570,1.4142135623730951,1.4142135623730951,1.148698354997035,162.45047927124713,162.45047927124713,-0.5663807894088588,0.5663807894088588,-92,92,507,662,False,0,0,507,662
5,2025-02-26 00:00:00,17h00,PAH,Bioquímica,2.0,0.0,AP,2.0,A,,454,390,1.4142135623730951,1.4142135623730951,1.148698354997035,162.45047927124713,162.45047927124713,0.3567583556190199,-0.35675835561902,58,-58,512,332,False,0,0,512,332
5,2025-02-26 00:00:00,17h30,PAH,Eng. Computacional,0.0,2.0,Eng. Materiais,2.0,B,,448,574,1.4142135623730951,1.4142135623730951,1.148698354997035,162.45047927124713,162.45047927124713,-0.23857592000107575,0.23857592000107575,-39,39,409,613,False,0,0,409,613
5,2025-02-26 00:00:00,17h30,PAH,Contabilidade,1.0,2.0,Economia,2.0,B,,327,736,1.4142135623730951,1.4142135623730951,1.0717734625362931,151.5716566510398,151.5716566510398,-0.02259816371526898,0.022598163715269126,-3,3,324,739,False,0,0,324,739
6,2025-02-26 00:00:00,18h30,PAH,Física,1.0,2.0,CBM,2.0,B,,306,584,1.4142135623730951,1.4142135623730951,1.0717734625362931,151.5716566510398,151.5716566510398,-0.07172593478402459,0.07172593478402456,-11,11,295,595,False,0,0,295,595
6,2025-02-26 00:00:00,18h30,PAH,EET B,0.0,2.0,Eng. Mecânica,2.0,B,,380,692,1.1976915649387767,1.4142135623730951,1.148698354997035,137.57863304389974,162.45047927124713,-0.05347282015587596,0.053472820155875955,-7,9,373,701,False,0,0,373,701
6,2025-02-26 00:00:00,18h30,PAH,MTC,2.0,1.0,Contabilidade,2.0,B,,405,324,1.4142135623730951,1.1976915649387767,1.0717734625362931,151.5716566510398,128.36540356049443,0.3216853067554766,-0.32168530675547663,49,-41,454,283,False,0,0,454,283
6,2025-02-26 00:00:00,19h30,PAH,Eng. Materiais,2.0,1.0,Eng. Biomédica,2.0,B,,613,581,1.1976915649387767,1.4142135623730951,1.0717734625362931,128.36540356049443,151.5716566510398,0.4268460629163189,-0.4268460629163189,55,-65,668,516,False,0,0,668,516
6,2025-02-26 00:00:00,19h30,PAH,Eng. Ambiente,2.0,0.0,Educaçao Básica,2.0,B,Educaçao Básica,430,500,1.4142135623730951,1.4344650847254958,1.148698354997035,162.45047927124713,164.77676831248598,0.6558205059123949,-0.655820505912395,0,0,430,500,True,0,0,430,500
6,2025-02-26 00:00:00,19h30,PAH,Economia,0.0,2.0,Eng. Computacional,2.0,B,,739,409,1.1976915649387767,1.1976915649387767,1.148698354997035,137.57863304389974,137.57863304389974,-0.9543232189603377,0.9543232189603377,-131,131,608,540,False,0,0,608,540
5,2025-02-26 00:00:00,22h00,PAH,Design,2.0,0.0,Eng. Química,1.0,,,1021,758,1.4142135623730951,1.4142135623730951,1.148698354997035,162.45047927124713,162.45047927124713,0.08148647921064334,-0.08148647921064324,13,-13,1034,745,False,0,0,1034,745
5,2025-02-26 00:00:00,22h00,PAH,EGI,2.0,0.0,Eng. Informática ,1.0,,,1248,1004,1.4142135623730951,1.4142135623730951,1.148698354997035,162.45047927124713,162.45047927124713,0.09558062329716588,-0.09558062329716588,16,-16,1264,988,False,0,0,1264,988
5,2025-02-26 00:00:00,23h00,PAH,DPT,2.0,1.0,TI,1.0,,,967,930,1.4142135623730951,1.4142135623730951,1.0717734625362931,151.5716566510398,151.5716566510398,0.4156193882170406,-0.4156193882170406,63,-63,1030,867,False,0,0,1030,867
5,2025-02-26 00:00:00,23h00,PAH,EET,2.0,0.0,ECT,1.0,,,1152,791,1.4142135623730951,1.4142135623730951,1.148698354997035,162.45047927124713,162.45047927124713,0.03472567950412997,-0.03472567950413002,6,-6,1158,785,False,0,0,1158,785
5,2025-02-26 00:00:00,23h00,PAH,Música,2.0,1.0,GPT,1.0,,,1110,1208,1.4142135623730951,1.4142135623730951,1.0717734625362931,151.5716566510398,151.5716566510398,0.7114862519714127,-0.7114862519714127,108,-108,1218,1100,False,0,0,1218,1100
5,2025-02-26 00:00:00,23h30,PAH,Eng. Biomédica,2.0,0.0,Eng. Ambiente,2.0,B,,516,430,1.1976915649387767,1.1976915649387767,1.148698354997035,137.57863304389974,137.57863304389974,0.31172023834857243,-0.3117202383485725,43,-43,559,387,False,0,0,559,387
6,2025-03-10 00:00:00,20h15,PAH,Eng. Informática B,1.0,2.0,Bioquímica,2.0,A,,298,512,1.4142135623730951,1.1976915649387767,1.0717734625362931,151.5716566510398,128.36540356049443,-0.12228013947680864,0.12228013947680871,-19,16,279,528,False,0,0,279,528
6,2025-03-10 00:00:00,20h15,PAH,Matemática,1.0,2.0,Biotecnologia,2.0,A,,347,387,1.4142135623730951,1.4142135623730951,1.0717734625362931,151.5716566510398,151.5716566510398,-0.4089244036850566,0.40892440368505667,-62,62,285,449,False,0,0,285,449
6,2025-03-10 00:00:00,20h15,PAH,Gestao,0.0,2.0,Eng. Cívil,2.0,A,,564,609,1.1976915649387767,1.1976915649387767,1.148698354997035,137.57863304389974,137.57863304389974,-0.39784190682528303,0.3978419068252831,-55,55,509,664,False,0,0,509,664
6,2025-03-10 00:00:00,21h15,PAH,LRE,2.0,0.0,Ciências do Mar,2.0,A,,509,736,1.4142135623730951,1.1976915649387767,1.148698354997035,162.45047927124713,137.57863304389974,0.89000060379727,-0.89000060379727,145,-122,654,614,False,0,0,654,614
6,2025-03-10 00:00:00,21h15,PAH,Eng. Física,2.0,0.0,LLC,2.0,A,LLC,662,500,1.1976915649387767,2.0,1.148698354997035,137.57863304389974,229.73967099940702,0.18361046449774743,-0.18361046449774748,0,0,662,500,True,0,0,662,500
6,2025-03-10 00:00:00,21h15,PAH,AP,2.0,1.0,Psicologia,2.0,A,,332,507,1.1976915649387767,1.1976915649387767,1.0717734625362931,128.36540356049443,128.36540356049443,0.8336624691834381,-0.8336624691834381,107,-107,439,400,False,0,0,439,400
6,2025-03-10 00:00:00,22h15,PAH,Eng. Informática ,2.0,1.0,Design,1.0,,,988,1034,1.1976915649387767,1.1976915649387767,1.0717734625362931,128.36540356049443,128.36540356049443,0.6043624669113159,-0.6043624669113161,78,-78,1066,956,False,0,0,1066,956
6,2025-03-10 00:00:00,22h15,PAH,Fisioterapia,0.0,2.0,EGI,1.0,,,819,1264,1.1976915649387767,1.1976915649387767,1.148698354997035,137.57863304389974,137.57863304389974,-0.01632494246655396,0.016324942466554027,-2,2,817,1266,False,0,0,817,1266
6,2025-03-10 00:00:00,23h15,PAH,GPT,0.0,2.0,EET,1.0,,,1100,1158,1.1976915649387767,1.1976915649387767,1.148698354997035,137.57863304389974,137.57863304389974,-0.36953789879560306,0.36953789879560306,-51,51,1049,1209,False,0,0,1049,1209
6,2025-03-10 00:00:00,23h15,PAH,ECT,2.0,0.0,DPT,1.0,,,785,1030,1.1976915649387767,1.1976915649387767,1.148698354997035,137.57863304389974,137.57863304389974,0.9052126040268039,-0.9052126040268039,125,-125,910,905,False,0,0,910,905
6,2025-03-10 00:00:00,23h15,PAH,TI,2.0,0.0,Biologia,1.0,,,867,960,1.1976915649387767,1.1976915649387767,1.148698354997035,137.57863304389974,137.57863304389974,0.701941785236978,-0.701941785236978,97,-97,964,863,False,0,0,964,863
7,2025-03-11 00:00:00,20h15,PAH,Eng. Mecânica,2.0,0.0,Física,2.0,B,,701,295,1.1976915649387767,1.1976915649387767,1.148698354997035,137.57863304389974,137.57863304389974,0.02321658179692232,-0.023216581796922296,3,-3,704,292,False,0,0,704,292
7,2025-03-11 00:00:00,20h15,PAH,MTC,1.0,2.0,EET B,2.0,B,,454,373,1.1976915649387767,1.1017225651702667,1.0717734625362931,128.36540356049443,118.07970084269036,-0.6783146932445234,0.6783146932445234,-87,80,367,453,False,0,0,367,453
7,2025-03-11 00:00:00,20h15,PAH,CBM,2.0,0.0,Eng. Ambiente,2.0,B,,595,387,1.1976915649387767,1.1017225651702667,1.148698354997035,137.57863304389974,126.5546898274199,0.12833615734582837,-0.12833615734582834,18,-16,613,371,False,0,0,613,371
7,2025-03-11 00:00:00,21h15,PAH,Eng. Biomédica,0.0,2.0,Economia,2.0,B,,559,608,1.1017225651702667,1.1017225651702667,1.148698354997035,126.5546898274199,126.5546898274199,-0.38905013654649484,0.3890501365464948,-49,49,510,657,False,0,0,510,657
7,2025-03-11 00:00:00,21h15,PAH,Contabilidade,2.0,0.0,Eng. Computacional,2.0,B,,283,540,1.1017225651702667,1.1017225651702667,1.148698354997035,126.5546898274199,126.5546898274199,0.9142805310422746,-0.9142805310422746,116,-116,399,424,False,0,0,399,424
9,2025-03-11 00:00:00,21h15,PAH,Eng. Mecânica,2.0,0.0,Eng. Materiais,2.0,B,,704,668,1.1017225651702667,1.1017225651702667,1.148698354997035,126.5546898274199,126.5546898274199,0.4178581189369962,-0.41785811893699615,53,-53,757,615,False,0,0,757,615
7,2025-03-20 00:00:00,20h15,PAH,Eng. Cívil,0.0,2.0,LRE,2.0,A,,664,654,1.1017225651702667,1.1976915649387767,1.148698354997035,126.5546898274199,137.57863304389974,-0.5230095872975623,0.5230095872975623,-66,72,598,726,False,0,0,598,726
7,2025-03-20 00:00:00,20h15,PAH,Biotecnologia,0.0,2.0,Gestao,2.0,A,,449,509,1.1976915649387767,1.1017225651702667,1.148698354997035,137.57863304389974,126.5546898274199,-0.3652566649476832,0.3652566649476833,-50,46,399,555,False,0,0,399,555
7,2025-03-20 00:00:00,20h15,PAH,Eng. Informática B,2.0,1.0,Matemática,2.0,A,,279,285,1.1976915649387767,1.1976915649387767,1.0717734625362931,128.36540356049443,128.36540356049443,0.513811995706751,-0.513811995706751,66,-66,345,219,False,0,0,345,219
7,2025-03-20 00:00:00,21h15,PAH,Ciências do Mar,2.0,1.0,Eng. Física,2.0,A,,614,662,1.1017225651702667,1.1017225651702667,1.0717734625362931,118.07970084269036,118.07970084269036,0.6087584325724958,-0.6087584325724958,72,-72,686,590,False,0,0,686,590
7,2025-03-20 00:00:00,21h15,PAH,Bioquímica,2.0,0.0,Psicologia,2.0,A,,528,400,1.1017225651702667,1.1017225651702667,1.148698354997035,126.5546898274199,126.5546898274199,0.23524579684000335,-0.23524579684000338,30,-30,558,370,False,0,0,558,370
7,2025-03-20 00:00:00,22h15,PAH,Design,2.0,0.0,Fisioterapia,1.0,,,956,817,1.1017225651702667,1.1017225651702667,1.148698354997035,126.5546898274199,126.5546898274199,0.2175098305821901,-0.21750983058219,28,-28,984,789,False,0,0,984,789
7,2025-03-20 00:00:00,22h15,PAH,EGI,1.0,2.0,TI,1.0,,,1266,964,1.1017225651702667,1.1017225651702667,1.0717734625362931,118.07970084269036,118.07970084269036,-0.941669145231139,0.941669145231139,-111,111,1155,1075,False,0,0,1155,1075
7,2025-03-20 00:00:00,23h15,PAH,Biologia,0.0,2.0,ECT,1.0,,,863,910,1.1017225651702667,1.1017225651702667,1.148698354997035,126.5546898274199,126.5546898274199,-0.39343739300181224,0.39343739300181224,-50,50,813,960,False,0,0,813,960
7,2025-03-20 00:00:00,23h15,PAH,Música,0.0,2.0,EET,1.0,,,1218,1209,1.1976915649387767,1.1017225651702667,1.148698354997035,137.57863304389974,126.5546898274199,-0.5207114077393367,0.5207114077393367,-72,66,1146,1275,False,0,0,1146,1275
7,2025-03-20 00:00:00,23h15,PAH,DPT,0.0,2.0,GPT,1.0,,,905,1049,1.1017225651702667,1.1017225651702667,1.148698354997035,126.5546898274199,126.5546898274199,-0.2097738684129419,0.209773868412942,-27,27,878,1076,False,0,0,878,1076
8,2025-04-07 00:00:00,20h15,PAH,TI,0.0,2.0,Design,1.0,,,1075,984,1.0440126386761064,1.0440126386761064,1.148698354997035,119.92556006433574,119.92556006433574,-0.6980735392114767,0.6980735392114767,-84,84,991,1068,False,0,0,991,1068
8,2025-04-07 00:00:00,20h15,PAH,Fisioterapia,0.0,2.0,Eng. Química,1.0,,,789,745,1.0440126386761064,1.1976915649387767,1.148698354997035,119.92556006433574,137.57863304389974,-0.599949567322544,0.5999495673225439,-72,83,717,828,False,0,0,717,828
8,2025-04-07 00:00:00,20h15,PAH,Eng. Informática ,2.0,0.0,Música,1.0,,Música,1066,1146,1.1017225651702667,1.1017225651702667,1.148698354997035,126.5546898274199,126.5546898274199,0.6763016694927368,-0.676301669492737,0,0,1066,1146,True,0,0,1066,1146
8,2025-04-07 00:00:00,21h15,PAH,ECT,0.0,2.0,EGI,1.0,,,960,1155,1.0440126386761064,1.0440126386761064,1.148698354997035,119.92556006433574,119.92556006433574,-0.1423366814461431,0.1423366814461431,-17,17,943,1172,False,0,0,943,1172
8,2025-04-07 00:00:00,21h15,PAH,EET,2.0,0.0,DPT,1.0,,,1275,878,1.0440126386761064,1.0440126386761064,1.148698354997035,119.92556006433574,119.92556006433574,0.02517258038413095,-0.025172580384131046,3,-3,1278,875,False,0,0,1278,875
8,2025-04-07 00:00:00,21h15,PAH,GPT,0.0,2.0,Biologia,1.0,,,1076,813,1.0440126386761064,1.0440126386761064,1.148698354997035,119.92556006433574,119.92556006433574,-0.9185135207893567,0.9185135207893568,-110,110,966,923,False,0,0,966,923
9,2025-04-07 00:00:00,22h15,PAH,Design,2.0,0.0,ECT,1.0,,,1068,943,1.0,1.0,1.148698354997035,114.86983549970351,114.86983549970351,0.24025307335204216,-0.2402530733520421,28,-28,1096,915,False,0,0,1096,915
9,2025-04-07 00:00:00,22h15,PAH,Eng. Química,0.0,2.0,TI,1.0,,,828,991,1.1017225651702667,1.0,1.148698354997035,126.5546898274199,114.86983549970351,-0.1822338771942769,0.18223387719427697,-23,21,805,1012,False,0,0,805,1012
9,2025-04-07 00:00:00,22h15,PAH,Eng. Informática ,2.0,0.0,Fisioterapia,1.0,,,1066,717,1.0440126386761064,1.0,1.148698354997035,119.92556006433574,114.86983549970351,0.03862708048597541,-0.038627080485975275,5,-4,1071,713,False,0,0,1071,713
9,2025-04-07 00:00:00,23h15,PAH,Música,2.0,1.0,DPT,1.0,,,1146,875,1.0440126386761064,1.0,1.0717734625362931,111.89450406855424,107.17734625362931,0.07613891344105528,-0.07613891344105526,9,-8,1155,867,False,0,0,1155,867
9,2025-04-07 00:00:00,23h15,PAH,EGI,2.0,0.0,GPT,1.0,,,1172,966,1.0,1.0,1.148698354997035,114.86983549970351,114.86983549970351,0.13041095099167188,-0.130410950991672,15,-15,1187,951,False,0,0,1187,951
9,2025-04-07 00:00:00,23h15,PAH,Biologia,0.0,2.0,EET,1.0,,,923,1278,1.0,1.0,1.148698354997035,114.86983549970351,114.86983549970351,-0.036626441176046944,0.03662644117604685,-4,4,919,1282,False,0,0,919,1282
8,2025-04-08 00:00:00,20h15,PAH,EET B,1.0,2.0,Contabilidade,2.0,B,,453,399,1.0440126386761064,1.0440126386761064,1.0717734625362931,111.89450406855424,111.89450406855424,-0.6218383401921134,0.6218383401921133,-70,70,383,469,False,0,0,383,469
8,2025-04-08 00:00:00,20h15,PAH,Física,0.0,2.0,MTC,2.0,B,,292,367,1.1017225651702667,1.1017225651702667,1.148698354997035,126.5546898274199,126.5546898274199,-0.3338605754168779,0.33386057541687786,-42,42,250,409,False,0,0,250,409
8,2025-04-08 00:00:00,20h15,PAH,Eng. Ambiente,0.0,2.0,Eng. Mecânica,2.0,B,,371,757,1.0440126386761064,1.0440126386761064,1.148698354997035,119.92556006433574,119.92556006433574,-0.027782009361476373,0.027782009361476456,-3,3,368,760,False,0,0,368,760
8,2025-04-08 00:00:00,21h15,PAH,Eng. Materiais,2.0,0.0,CBM,2.0,B,,615,613,1.0440126386761064,1.1017225651702667,1.148698354997035,119.92556006433574,126.5546898274199,0.4953949600290233,-0.4953949600290234,59,-63,674,550,False,0,0,674,550
8,2025-04-08 00:00:00,21h15,PAH,Eng. Computacional,0.0,2.0,Eng. Biomédica,2.0,B,,424,510,1.0440126386761064,1.0440126386761064,1.148698354997035,119.92556006433574,119.92556006433574,-0.3117202383485725,0.31172023834857243,-37,37,387,547,False,0,0,387,547
9,2025-04-08 00:00:00,21h15,PAH,EET B,0.0,2.0,Física,2.0,B,,383,250,1.0,1.0440126386761064,1.148698354997035,114.86983549970351,119.92556006433574,-0.7729379190975277,0.7729379190975278,-89,93,294,343,False,0,0,294,343
8,2025-04-08 00:00:00,22h15,PAH,Matemática,1.0,2.0,Bioquímica,2.0,A,,219,558,1.1017225651702667,1.0440126386761064,1.0717734625362931,118.07970084269036,111.89450406855424,-0.04219649906217618,0.04219649906217615,-5,5,214,563,False,0,0,214,563
8,2025-04-08 00:00:00,22h15,PAH,Gestao,2.0,0.0,Eng. Informática B,2.0,A,,555,345,1.0440126386761064,1.1017225651702667,1.148698354997035,119.92556006433574,126.5546898274199,0.12628957905491867,-0.12628957905491864,15,-16,570,329,False,0,0,570,329
8,2025-04-08 00:00:00,22h15,PAH,LRE,2.0,0.0,Biotecnologia,2.0,A,,726,399,1.1017225651702667,1.1017225651702667,1.148698354997035,126.5546898274199,126.5546898274199,0.04689646221862931,-0.04689646221862938,6,-6,732,393,False,0,0,732,393
9,2025-04-08 00:00:00,23h15,PAH,Matemática,0.0,2.0,Gestao,2.0,A,,214,570,1.0440126386761064,1.0,1.148698354997035,119.92556006433574,114.86983549970351,-0.036302838192297245,0.03630283819229718,-4,4,210,574,False,0,0,210,574
8,2025-04-08 00:00:00,23h15,PAH,AP,0.0,2.0,Ciências do Mar,2.0,A,,439,686,1.1017225651702667,1.0440126386761064,1.148698354997035,126.5546898274199,119.92556006433574,-0.09321860526277251,0.09321860526277248,-12,11,427,697,False,0,0,427,697
8,2025-04-08 00:00:00,23h15,PAH,Eng. Física,2.0,0.0,Eng. Cívil,2.0,A,,590,598,1.0440126386761064,1.0440126386761064,1.148698354997035,119.92556006433574,119.92556006433574,0.518412351222626,-0.5184123512226259,62,-62,652,536,False,0,0,652,536
9,2025-05-05 00:00:00,20h15,PAH,CBM,2.0,0.0,Economia,2.0,B,,550,657,1.0440126386761064,1.0440126386761064,1.148698354997035,119.92556006433574,119.92556006433574,0.7281994429952625,-0.7281994429952625,87,-87,637,570,False,0,0,637,570
9,2025-05-05 00:00:00,21h15,PAH,Contabilidade,0.0,2.0,Eng. Biomédica,2.0,B,,469,547,1.0,1.0,1.148698354997035,114.86983549970351,114.86983549970351,-0.32774396816393214,0.32774396816393214,-38,38,431,585,False,0,0,431,585
6,2025-05-05 00:00:00,22h15,PAH,Eng. Química,0.0,2.0,Música,1.0,,,805,1155,1.0440126386761064,1.0,1.148698354997035,119.92556006433574,114.86983549970351,-0.03828650388225474,0.03828650388225463,-5,4,800,1159,False,0,0,800,1159
7,2025-05-05 00:00:00,23h15,PAH,Eng. Química,0.0,2.0,Eng. Informática ,1.0,,,800,1071,1.0,1.0,1.148698354997035,114.86983549970351,114.86983549970351,-0.07613891344105526,0.07613891344105528,-9,9,791,1080,False,0,0,791,1080
10,2025-05-12 00:00:00,18h30,PAH,Contabilidade,0.0,2.0,Física,2.0,B,,431,343,1.0,1.0,1.148698354997035,114.86983549970351,114.86983549970351,-0.6922181614910834,0.6922181614910834,-80,80,351,423,False,0,0,351,423
10,2025-05-12 00:00:00,18h30,PAH,Eng. Ambiente,2.0,0.0,EET B,2.0,B,,368,294,1.0,1.0,1.148698354997035,114.86983549970351,114.86983549970351,0.3359120585329264,-0.3359120585329263,39,-39,407,255,False,0,0,407,255
10,2025-05-12 00:00:00,19h30,PAH,Economia,0.0,2.0,Eng. Mecânica,2.0,B,,570,760,1.0,1.0,1.148698354997035,114.86983549970351,114.86983549970351,-0.14805165414742621,0.14805165414742627,-17,17,553,777,False,0,0,553,777
10,2025-05-12 00:00:00,19h30,PAH,Eng. Materiais,2.0,0.0,MTC,2.0,B,,674,409,1.0,1.0440126386761064,1.148698354997035,114.86983549970351,119.92556006433574,0.08011834302901921,-0.08011834302901932,9,-10,683,399,False,0,0,683,399
10,2025-05-12 00:00:00,19h30,PAH,Eng. Computacional,0.0,2.0,CBM,2.0,B,,387,637,1.0,1.0,1.148698354997035,114.86983549970351,114.86983549970351,-0.09090909090909091,0.09090909090909094,-10,10,377,647,False,0,0,377,647
10,2025-05-12 00:00:00,21h30,PAH,Bioquímica,2.0,0.0,Gestao,2.0,A,,563,574,1.0,1.0,1.148698354997035,114.86983549970351,114.86983549970351,0.5253067929804586,-0.5253067929804586,60,-60,623,514,False,0,0,623,514
10,2025-05-12 00:00:00,21h30,PAH,LRE,2.0,0.0,Matemática,2.0,A,,732,210,1.0440126386761064,1.0,1.148698354997035,119.92556006433574,114.86983549970351,0.008099683129018542,-0.008099683129018452,1,-1,733,209,False,0,0,733,209
10,2025-05-12 00:00:00,22h30,PAH,ECT,2.0,0.0,Eng. Química,1.0,,,915,791,1.0,1.0,1.148698354997035,114.86983549970351,114.86983549970351,0.24193827059114958,-0.24193827059114958,28,-28,943,763,False,0,0,943,763
10,2025-05-12 00:00:00,22h30,PAH,Música,2.0,1.0,Fisioterapia,1.0,,,1159,713,1.0,1.0,1.0717734625362931,107.17734625362931,107.17734625362931,0.0161776957773192,-0.01617769577731934,2,-2,1161,711,False,0,0,1161,711
10,2025-05-12 00:00:00,22h30,PAH,TI,0.0,2.0,Eng. Informática ,1.0,,,1012,1080,1.0,1.0,1.148698354997035,114.86983549970351,114.86983549970351,-0.3483492602467557,0.3483492602467557,-40,40,972,1120,False,0,0,972,1120
10,2025-05-12 00:00:00,22h30,PAH,AP,0.0,2.0,Biotecnologia,2.0,A,AP,427,393,1.0440126386761064,1.0440126386761064,1.148698354997035,119.92556006433574,119.92556006433574,-0.5776543372747318,0.5776543372747318,0,0,427,393,True,0,0,427,393
10,2025-05-12 00:00:00,22h30,PAH,Psicologia,2.0,0.0,Eng. Cívil,2.0,A,Eng. Cívil,370,536,1.0440126386761064,1.0,1.148698354997035,119.92556006433574,114.86983549970351,0.8218477301760605,-0.8218477301760605,0,0,370,536,True,0,0,370,536
10,2025-05-12 00:00:00,23h30,PAH,GPT,0.0,2.0,Design,1.0,,,951,1096,1.0,1.0,1.148698354997035,114.86983549970351,114.86983549970351,-0.20825116249181558,0.20825116249181552,-24,24,927,1120,False,0,0,927,1120
10,2025-05-12 00:00:00,23h30,PAH,EET,2.0,1.0,EGI,1.0,,,1282,1187,1.0,1.0,1.0717734625362931,107.17734625362931,107.17734625362931,0.2942186402879975,-0.2942186402879975,32,-32,1314,1155,False,0,0,1314,1155
10,2025-05-12 00:00:00,23h30,PAH,DPT,2.0,0.0,Biologia,1.0,,,867,919,1.0,1.0,1.148698354997035,114.86983549970351,114.86983549970351,0.6174969965811122,-0.6174969965811122,71,-71,938,848,False,0,0,938,848
9,2025-05-15 00:00:00,20h15,PAH,Eng. Informática B,0.0,2.0,LRE,2.0,A,,329,733,1.0440126386761064,1.0,1.148698354997035,119.92556006433574,114.86983549970351,-0.023638007441142066,0.023638007441142084,-3,3,326,736,False,0,0,326,736
9,2025-05-15 00:00:00,21h15,PAH,Biotecnologia,0.0,2.0,Eng. Física,2.0,A,,393,652,1.0,1.0,1.148698354997035,114.86983549970351,114.86983549970351,-0.08428678377252943,0.0842867837725294,-10,10,383,662,False,0,0,383,662
9,2025-05-15 00:00:00,21h15,PAH,Eng. Cívil,0.0,2.0,AP,2.0,A,,536,427,1.0,1.0,1.148698354997035,114.86983549970351,114.86983549970351,-0.7318299924954319,0.7318299924954319,-84,84,452,511,False,0,0,452,511
9,2025-05-15 00:00:00,22h15,PAH,Ciências do Mar,2.0,0.0,Psicologia,2.0,A,,697,370,1.0,1.0,1.148698354997035,114.86983549970351,114.86983549970351,0.04689646221862931,-0.04689646221862938,5,-5,702,365,False,0,0,702,365
10,2025-05-15 00:00:00,22h15,PAH,Eng. Física,2.0,0.0,Eng. Informática B,2.0,A,,662,326,1.0,1.0,1.148698354997035,114.86983549970351,114.86983549970351,0.04332746747412386,-0.04332746747412372,5,-5,667,321,False,0,0,667,321
11,2025-05-15 00:00:00,23h15,PAH,Gestao,0.0,2.0,LRE,2.0,A,,514,736,1.0,1.0,1.148698354997035,114.86983549970351,114.86983549970351,-0.11458946343928747,0.11458946343928744,-13,13,501,749,False,0,0,501,749
11,2025-05-15 00:00:00,23h15,PAH,Matemática,2.0,1.0,Eng. Física,2.0,A,,209,667,1.0,1.0,1.0717734625362931,107.17734625362931,107.17734625362931,0.9854905001559177,-0.9854905001559178,106,-106,315,561,False,0,0,315,561
11,2025-05-21 00:00:00,19h00,PAH,Eng. Informática B,0.0,2.0,AP,2.0,A,,321,511,1.0,1.0,1.148698354997035,114.86983549970351,114.86983549970351,-0.14805165414742621,0.14805165414742627,-17,17,304,528,False,0,0,304,528
11,2025-05-21 00:00:00,19h00,PAH,Biotecnologia,0.0,2.0,Psicologia,2.0,A,,383,365,1.0,1.0,1.148698354997035,114.86983549970351,114.86983549970351,-0.5413518619012265,0.5413518619012265,-62,62,321,427,False,0,0,321,427
11,2025-05-21 00:00:00,20h00,PAH,Ciências do Mar,2.0,0.0,Bioquímica,2.0,A,,702,623,1.0,1.0,1.148698354997035,114.86983549970351,114.86983549970351,0.3257179023349459,-0.32571790233494596,37,-37,739,586,False,0,0,739,586
11,2025-05-21 00:00:00,20h00,PAH,EET B,2.0,0.0,Eng. Materiais,2.0,B,Eng. Materiais,255,683,1.0,1.0,1.148698354997035,114.86983549970351,114.86983549970351,0.9809606728361834,-0.9809606728361834,0,0,255,683,True,0,0,255,683
11,2025-05-21 00:00:00,20h00,PAH,Física,2.0,0.0,Eng. Ambiente,2.0,B,Eng. Ambiente,423,407,1.0,1.0,1.148698354997035,114.86983549970351,114.86983549970351,0.463225166388183,-0.463225166388183,0,0,423,407,True,0,0,423,407
11,2025-05-21 00:00:00,21h00,PAH,Eng. Mecânica,2.0,0.0,Eng. Computacional,2.0,B,,777,377,1.0,1.0,1.148698354997035,114.86983549970351,114.86983549970351,0.024503367550335886,-0.024503367550335983,3,-3,780,374,False,0,0,780,374
11,2025-05-21 00:00:00,21h00,PAH,MTC,2.0,0.0,Economia,2.0,B,,399,553,1.0,1.0,1.148698354997035,114.86983549970351,114.86983549970351,0.8050862744441982,-0.8050862744441981,92,-92,491,461,False,0,0,491,461
11,2025-05-21 00:00:00,21h00,PAH,CBM,0.0,2.0,Eng. Biomédica,2.0,B,,647,585,1.0,1.0,1.148698354997035,114.86983549970351,114.86983549970351,-0.6390033695254337,0.6390033695254336,-73,73,574,658,False,0,0,574,658
11,2025-05-21 00:00:00,22h00,PAH,Eng. Química,0.0,2.0,GPT,1.0,,,763,927,1.0,1.0,1.148698354997035,114.86983549970351,114.86983549970351,-0.18086532413007064,0.18086532413007061,-21,21,742,948,False,0,0,742,948
11,2025-05-21 00:00:00,22h00,PAH,Eng. Informática ,2.0,1.0,ECT,1.0,,,1120,943,1.0,1.0,1.0717734625362931,107.17734625362931,107.17734625362931,0.1637988222930663,-0.1637988222930663,18,-18,1138,925,False,0,0,1138,925
11,2025-05-21 00:00:00,22h00,PAH,Fisioterapia,2.0,1.0,TI,1.0,,,711,972,1.0,1.0,1.0717734625362931,107.17734625362931,107.17734625362931,0.9171241265688072,-0.9171241265688073,98,-98,809,874,False,0,0,809,874
11,2025-05-21 00:00:00,23h00,PAH,Biologia,2.0,1.0,Música,1.0,,,848,1161,1.0,1.0,1.0717734625362931,107.17734625362931,107.17734625362931,0.9469914345935501,-0.9469914345935501,101,-101,949,1060,False,0,0,949,1060
11,2025-05-21 00:00:00,23h00,PAH,Design,1.0,2.0,EET,1.0,,,1120,1314,1.0,1.0,1.0717734625362931,107.17734625362931,107.17734625362931,-0.14346475985469692,0.14346475985469687,-15,15,1105,1329,False,0,0,1105,1329
11,2025-05-21 00:00:00,23h00,PAH,EGI,2.0,0.0,DPT,1.0,,,1155,938,1.0,1.0,1.148698354997035,114.86983549970351,114.86983549970351,0.11934538149376861,-0.11934538149376858,14,-14,1169,924,False,0,0,1169,924
E1,2025-05-22 00:00:00,20h00,,EGI,2.0,0.0,Eng. Mecânica,,,,1169,780,1.5,1.0,1.148698354997035,172.30475324955526,114.86983549970351,0.027045349508979966,-0.027045349508979896,5,-3,1174,777,False,0,0,1174,777
E1,2025-05-22 00:00:00,21h00,,GPT,0.0,2.0,Design,,,,948,1105,1.5,1.5,1.148698354997035,172.30475324955526,172.30475324955526,-0.19061431725453826,0.19061431725453826,-33,33,915,1138,False,0,0,915,1138
E1,2025-05-22 00:00:00,22h00,,Eng. Informática ,2.0,1.0,Música,,,,1138,1060,1.5,1.5,1.0717734625362931,160.76601938044396,160.76601938044396,0.32774396816393214,-0.32774396816393214,53,-53,1191,1007,False,0,0,1191,1007
E1,2025-05-22 00:00:00,23h00,,EET,0.0,2.0,LRE,,,,1329,749,1.5,1.0,1.148698354997035,172.30475324955526,114.86983549970351,-0.9952364986277893,0.9952364986277892,-171,114,1158,863,False,0,0,1158,863
E2,2025-05-23 00:00:00,20h00,,EGI,2.0,0.0,Design,,,,1174,1138,1.5,1.5,1.148698354997035,172.30475324955526,172.30475324955526,0.4178581189369962,-0.41785811893699615,72,-72,1246,1066,False,0,0,1246,1066
E2,2025-05-23 00:00:00,21h00,,Eng. Informática ,1.0,2.0,LRE,,,,1191,863,1.5,1.5,1.0717734625362931,160.76601938044396,160.76601938044396,-0.9535135002909937,0.9535135002909937,-153,153,1038,1016,False,0,0,1038,1016
E3L,2025-05-23 00:00:00,22h00,,Design,2.0,1.0,Eng. Informática ,,,,1066,1038,0.75,0.75,1.0717734625362931,80.38300969022198,80.38300969022198,0.4358825789554114,-0.4358825789554113,35,-35,1101,1003,False,0,0,1101,1003
E3,2025-05-23 00:00:00,23h00,,EGI,0.0,2.0,LRE,,,,1246,1016,1.5,1.5,1.148698354997035,172.30475324955526,172.30475324955526,-0.8926766600061541,0.8926766600061541,-154,154,1092,1170,False,0,0,1092,1170
