Jornada,Dia,Hora,Local,Equipa 1,Golos 1,Golos 2,Equipa 2,Divisao,Grupo,Fonte_Data,Fonte_Local,Data_Placeholder,Local_Placeholder,Falta de Comparência,Elo Antes 1,Elo Antes 2,Season Phase 1,Season Phase 2,Proportional Multiplier,K Factor 1,K Factor 2,Elo Change 1,Elo Change 2,Elo Delta 1,Elo Delta 2,Elo Depois 1,Elo Depois 2,Has Absence,Was In Previous Season 1,Was In Previous Season 2,Inter Group Adjustment 1,Inter Group Adjustment 2,Final Elo 1,Final Elo 2
1,2025-10-22 00:00:00,19h20,Caixa UA,Música,0,9,Gestão e Planeamento em Turismo,2,A,Excel,Excel,False,False,,500,512,2.0,2.0,1.335141362540313,267.0282725080626,267.0282725080626,-0.4723970719641226,0.4723970719641226,-126,126,374,638,False,False,True,0,0,374,638
1,2025-10-22 00:00:00,19h40,Caixa UA,Física,7,10,Línguas e Relações Empresariais,2,A,Excel,Excel,False,False,,500,641,2.0,2.0,1.0363112099103142,207.26224198206285,207.26224198206285,-0.21439096126743515,0.21439096126743518,-44,44,456,685,False,False,True,0,0,456,685
2,2025-10-22 00:00:00,20h00,Caixa UA,Contabilidade,7,2,Música,2,A,Excel,Excel,False,False,,500,374,2.0,1.3333333333333333,1.1334615816706974,226.6923163341395,151.1282108894263,0.23857592000107575,-0.23857592000107575,54,-36,554,338,False,False,False,0,0,554,338
2,2025-10-22 00:00:00,20h20,Caixa UA,Gestão e Planeamento em Turismo,16,5,Economia,2,A,Excel,Excel,False,False,,638,877,1.3333333333333333,2.0,1.1233497625229583,149.7799683363944,224.66995250459166,0.9003636203493204,-0.9003636203493204,135,-202,773,675,False,True,True,0,0,773,675
1,2025-10-22 00:00:00,20h40,Caixa UA,MTC,6,11,Eng. Mecânica,1,,Excel,Excel,False,False,,906,1127,2.0,2.0,1.0624882685141506,212.49765370283012,212.49765370283012,-0.11552725507651201,0.11552725507651196,-25,25,881,1152,False,True,True,0,0,881,1152
2,2025-10-22 00:00:00,20h40,Caixa UA,Design,16,14,Física,2,A,Excel,Excel,False,False,,559,456,2.0,1.3333333333333333,1.0134426905796656,202.6885381159331,135.12569207728873,0.2791533687626555,-0.2791533687626555,57,-38,616,418,False,True,False,0,0,616,418
1,2025-10-22 00:00:00,21h00,Caixa UA,Tecnologias de Informação,4,7,Matemática,1,,Excel,Excel,False,False,,779,703,2.0,2.0,1.0575570503382523,211.51141006765047,211.51141006765047,-0.6681846389742985,0.6681846389742985,-141,141,638,844,False,True,True,0,0,638,844
2,2025-10-22 00:00:00,21h00,Caixa UA,Línguas e Relações Empresariais,6,8,Biologia e Geologia,2,A,Excel,Excel,False,False,,685,350,1.3333333333333333,2.0,1.0291860089647606,137.2248011953014,205.83720179295213,-0.956289152264316,0.956289152264316,-131,197,554,547,False,True,True,0,0,554,547
1,2025-10-22 00:00:00,21h20,Caixa UA,Biologia,3,8,Eng. Eletrónica e Telecomunicações,1,,Excel,Excel,False,False,,998,997,2.0,2.0,1.10305425242207,220.610850484414,220.610850484414,-0.5023025688157033,0.5023025688157035,-111,111,887,1108,False,True,True,0,0,887,1108
1,2025-10-22 00:00:00,21h20,Caixa UA,Psicologia,11,2,Eng. Mecânica B,2,B,Excel,Excel,False,False,,531,500,2.0,2.0,1.185867778627801,237.1735557255602,237.1735557255602,0.42910086216901977,-0.42910086216901977,102,-102,633,398,False,True,False,0,0,633,398
1,2025-10-22 00:00:00,21h40,Caixa UA,Eng. e Gestão Industrial,5,3,Biotecnologia,1,,Excel,Excel,False,False,,1092,685,2.0,2.0,1.0524097791489255,210.4819558297851,210.4819558297851,0.023008628302878753,-0.023008628302878857,5,-5,1097,680,False,True,True,0,0,1097,680
1,2025-10-22 00:00:00,21h40,Caixa UA,Eng. Física,11,9,"Línguas, Literaturas e Culturas",2,B,Excel,Excel,False,False,,545,500,2.0,2.0,1.0202697667623288,204.05395335246575,204.05395335246575,0.3978419068252831,-0.39784190682528303,81,-81,626,419,False,True,False,0,0,626,419
1,2025-10-22 00:00:00,22h00,Caixa UA,Gestão,8,14,Eng. Biomédica,2,B,Excel,Excel,False,False,,272,415,2.0,2.0,1.0575570503382523,211.51141006765047,211.51141006765047,-0.21130473672903713,0.21130473672903716,-45,45,227,460,False,True,True,0,0,227,460
2,2025-10-22 00:00:00,22h00,Caixa UA,Eng. Aeroespacial,4,9,Eng. e Gestão Industrial,1,,Excel,Excel,False,False,,1018,1097,2.0,1.4344650847254958,1.0844717711976986,216.89435423953972,155.56368911535154,-0.32571790233494596,0.3257179023349459,-71,51,947,1148,False,True,True,0,0,947,1148
1,2025-10-22 00:00:00,22h20,Caixa UA,Administração Pública,17,12,Eng. Computacional,2,B,Excel,Excel,False,False,,371,454,2.0,2.0,1.03544436156698,207.088872313396,207.088872313396,0.6823208847432576,-0.6823208847432576,141,-141,512,313,False,True,True,0,0,512,313
2,2025-10-22 00:00:00,22h20,Caixa UA,Eng. Informática,5,8,Eng. Computadores e Telemática,1,,Excel,Excel,False,False,,731,914,2.0,2.0,1.0481223894689577,209.62447789379155,209.62447789379155,-0.15636956835323637,0.15636956835323645,-33,33,698,947,False,True,True,0,0,698,947
2,2025-10-22 00:00:00,22h20,Caixa UA,Eng. Mecânica B,6,5,Eng. Física,2,B,Excel,Excel,False,False,,398,626,1.3333333333333333,1.3333333333333333,1.0183993761470242,135.78658348626988,135.78658348626988,0.8908990581481768,-0.8908990581481767,121,-121,519,505,False,False,True,0,0,519,505
2,2025-10-22 00:00:00,22h20,Caixa UA,"Línguas, Literaturas e Culturas",6,10,Gestão,2,B,Excel,Excel,False,False,,419,227,1.3333333333333333,1.3333333333333333,1.0524097791489255,140.3213038865234,140.3213038865234,-0.8542567588106297,0.8542567588106296,-120,120,299,347,False,False,True,0,0,299,347
2,2025-10-22 00:00:00,22h40,Caixa UA,Eng. Mecânica,13,15,Eng. de Materiais,1,,Excel,Excel,False,False,,1152,1291,1.4344650847254958,2.0,1.0144129637732298,145.51399780256074,202.88259275464594,-0.21750983058219,0.2175098305821901,-32,44,1120,1335,False,True,True,0,0,1120,1335
2,2025-10-22 00:00:00,23h00,Caixa UA,Matemática,7,5,MTC,1,,Excel,Excel,False,False,,844,881,1.4344650847254958,1.4344650847254958,1.0342196941293802,148.35520411640778,148.35520411640778,0.5843806117829594,-0.5843806117829594,87,-87,931,794,False,True,True,0,0,931,794
2,2025-10-22 00:00:00,23h00,Caixa UA,Eng. Biomédica,13,9,Administração Pública,2,B,Excel,Excel,False,False,,460,512,1.3333333333333333,1.3333333333333333,1.037456949716378,138.32759329551703,138.32759329551703,0.6174969965811122,-0.6174969965811122,85,-85,545,427,False,True,True,0,0,545,427
2,2025-10-22 00:00:00,23h00,Caixa UA,Eng. Computacional,5,11,Ciências do Mar,2,B,Excel,Excel,False,False,,313,500,1.3333333333333333,2.0,1.0820373898183429,144.27165197577904,216.40747796366858,-0.15157081899986438,0.15157081899986447,-22,33,291,533,False,True,False,0,0,291,533
2,2025-10-22 00:00:00,23h20,Caixa UA,Eng. Eletrónica e Telecomunicações,4,13,Tecnologias de Informação,1,,Excel,Excel,False,False,,1108,638,1.4344650847254958,1.4344650847254958,1.125092775800282,161.3906303962395,161.3906303962395,-0.9869889516362479,0.9869889516362479,-159,159,949,797,False,True,True,0,0,949,797
2,2025-10-22 00:00:00,23h40,Caixa UA,Biotecnologia,9,10,Biologia,1,,Excel,Excel,False,False,,680,887,1.4344650847254958,1.4344650847254958,1.0105917512032914,144.96585820127166,144.96585820127166,-0.12937001290659653,0.12937001290659644,-19,19,661,906,False,True,True,0,0,661,906
3,2025-12-17 00:00:00,19h40,Caixa UA,Eng. Aeroespacial,13,3,Eng. Informática,1,,Excel,Excel,False,False,,947,698,1.4344650847254958,1.4344650847254958,1.1579297436409763,166.1009787818125,166.1009787818125,0.09167314953343275,-0.0916731495334328,15,-15,962,683,False,True,True,0,0,962,683
3,2025-12-17 00:00:00,20h00,Caixa UA,Eng. Computadores e Telemática,8,10,Eng. Mecânica,1,,Excel,Excel,False,False,,947,1120,1.4344650847254958,1.2137926106053525,1.0225651825635729,146.68340512433977,124.1182062457978,-0.16890763871858278,0.16890763871858272,-25,21,922,1141,False,True,True,0,0,922,1141
3,2025-12-17 00:00:00,20h20,Caixa UA,Eng. de Materiais,12,8,Matemática,1,,Excel,Excel,False,False,,1335,931,1.4344650847254958,1.2137926106053525,1.0413797439924106,149.38228826974887,126.40190380920816,0.023638007441142084,-0.023638007441142066,4,-3,1339,928,False,True,True,0,0,1339,928
3,2025-12-17 00:00:00,20h40,Caixa UA,MTC,10,12,Eng. Eletrónica e Telecomunicações,1,,Excel,Excel,False,False,,794,949,1.2137926106053525,1.2137926106053525,1.0183993761470242,123.61256374123589,123.61256374123589,-0.19347247718289215,0.19347247718289218,-24,24,770,973,False,True,True,0,0,770,973
3,2025-12-17 00:00:00,20h40,Caixa UA,Gestão,10,7,Eng. Mecânica B,2,B,Excel,Excel,False,False,,347,519,1.0,1.0,1.0363112099103142,103.63112099103142,103.63112099103142,0.8297954879049301,-0.8297954879049301,86,-86,433,433,False,True,False,0,0,433,433
3,2025-12-17 00:00:00,21h00,Caixa UA,Tecnologias de Informação,8,10,Biotecnologia,1,,Excel,Excel,False,False,,797,661,1.2137926106053525,1.2137926106053525,1.0225651825635729,124.1182062457978,124.1182062457978,-0.777750696467204,0.777750696467204,-97,97,700,758,False,True,True,0,0,700,758
3,2025-12-17 00:00:00,21h00,Caixa UA,Eng. Física,9,7,Psicologia,2,B,Excel,Excel,False,False,,505,633,1.0,1.3333333333333333,1.0254498997012387,102.54498997012386,136.72665329349846,0.7647542031599966,-0.7647542031599966,78,-105,583,528,False,True,True,0,0,583,528
3,2025-12-17 00:00:00,21h20,Caixa UA,Eng. e Gestão Industrial,7,6,Biologia,1,,Excel,Excel,False,False,,1148,906,1.2137926106053525,1.2137926106053525,1.0155344930023524,123.26482634211084,123.26482634211084,0.09718490446800854,-0.09718490446800851,12,-12,1160,894,False,True,True,0,0,1160,894
3,2025-12-17 00:00:00,21h20,Caixa UA,Administração Pública,14,4,"Línguas, Literaturas e Culturas",2,B,Excel,Excel,False,False,,427,299,1.0,1.0,1.1334615816706974,113.34615816706975,113.34615816706975,0.23524579684000335,-0.23524579684000338,27,-27,454,272,False,True,False,0,0,454,272
3,2025-12-17 00:00:00,21h40,Caixa UA,Ciências do Mar,9,14,Eng. Biomédica,2,B,Excel,Excel,False,False,,533,545,1.3333333333333333,1.0,1.0451738918191427,139.356518909219,104.51738918191427,-0.4723970719641226,0.4723970719641226,-66,49,467,594,False,False,True,0,0,467,594
4,2025-12-17 00:00:00,21h40,Caixa UA,Eng. Informática,12,13,Eng. e Gestão Industrial,1,,Excel,Excel,False,False,,683,1160,1.2137926106053525,1.0,1.0080363905839886,122.35471221121362,100.80363905839886,-0.012208582670271929,0.012208582670271917,-1,1,682,1161,False,True,True,0,0,682,1161
3,2025-12-17 00:00:00,22h00,Caixa UA,Economia,4,15,Contabilidade,2,A,Excel,Excel,False,False,,675,554,1.3333333333333333,1.3333333333333333,1.141308697219414,152.17449296258852,152.17449296258852,-0.7529580182879438,0.7529580182879438,-115,115,560,669,False,True,False,0,0,560,669
4,2025-12-17 00:00:00,22h00,Caixa UA,Eng. Mecânica,11,10,Eng. Aeroespacial,1,,Excel,Excel,False,False,,1141,962,1.0,1.2137926106053525,1.009576582776887,100.9576582776887,122.54165960147884,0.16129136407188738,-0.16129136407188746,16,-20,1157,942,False,True,True,0,0,1157,942
3,2025-12-17 00:00:00,22h20,Caixa UA,Música,2,21,Eng. Civil,2,A,Excel,Excel,False,False,,338,547,1.0,2.0,1.2650827381797884,126.50827381797885,253.0165476359577,-0.12730935567501678,0.12730935567501667,-16,32,322,579,False,False,True,0,0,322,579
4,2025-12-17 00:00:00,22h20,Caixa UA,Matemática,8,13,Eng. Computadores e Telemática,1,,Excel,Excel,False,False,,928,922,1.0,1.2137926106053525,1.0497486783613876,104.97486783613877,127.41771887877871,-0.513811995706751,0.513811995706751,-54,65,874,987,False,True,True,0,0,874,987
3,2025-12-17 00:00:00,22h40,Caixa UA,Biologia e Geologia,7,8,Design,2,A,Excel,Excel,False,False,,547,616,1.3333333333333333,1.3333333333333333,1.0134426905796656,135.12569207728873,135.12569207728873,-0.34626142502570817,0.3462614250257082,-47,47,500,663,False,True,True,0,0,500,663
4,2025-12-17 00:00:00,22h40,Caixa UA,Eng. Eletrónica e Telecomunicações,10,12,Eng. de Materiais,1,,Excel,Excel,False,False,,973,1339,1.0,1.2137926106053525,1.0183993761470242,101.83993761470242,123.61256374123589,-0.03321467812433242,0.03321467812433243,-3,4,970,1343,False,True,True,0,0,970,1343
3,2025-12-17 00:00:00,23h00,Caixa UA,Física,9,7,Gestão e Planeamento em Turismo,2,A,Excel,Excel,False,False,,418,773,1.0,1.0,1.0254498997012387,102.54498997012386,102.54498997012386,0.963373558823953,-0.9633735588239531,99,-99,517,674,False,False,True,0,0,517,674
4,2025-12-17 00:00:00,23h00,Caixa UA,Biotecnologia,8,17,MTC,1,,Excel,Excel,False,False,,758,770,1.0,1.0,1.0782907841670066,107.82907841670067,107.82907841670067,-0.4723970719641226,0.4723970719641226,-51,51,707,821,False,True,True,0,0,707,821
4,2025-12-17 00:00:00,23h20,Caixa UA,Biologia,11,10,Tecnologias de Informação,1,,Excel,Excel,False,False,,894,700,1.0,1.0,1.009576582776887,100.9576582776887,100.9576582776887,0.14346475985469687,-0.14346475985469692,14,-14,908,686,False,True,True,0,0,908,686
4,2026-02-18 00:00:00,21h20,Caixa UA,Contabilidade,21,0,Física,2,A,Excel,Excel,False,False,,669,517,1.4142135623730951,1.4142135623730951,1.4531984602822678,205.51329713508827,205.51329713508827,0.19782059646391625,-0.1978205964639162,41,-41,710,476,False,False,False,0,0,710,476
4,2026-02-18 00:00:00,21h20,Caixa UA,Eng. Mecânica B,7,8,Administração Pública,2,B,Excel,Excel,False,False,,433,454,1.4142135623730951,1.4142135623730951,1.0134426905796656,143.32243977056433,143.32243977056433,-0.45179589650048396,0.4517958965004839,-65,65,368,519,False,False,True,0,0,368,519
4,2026-02-18 00:00:00,21h40,Caixa UA,Eng. Civil,10,0,Economia,2,A,Excel,Excel,False,False,,579,560,1.4142135623730951,1.4142135623730951,1.3492828476735634,190.81741026573445,190.81741026573445,0.4563621892682824,-0.4563621892682823,87,-87,666,473,False,True,True,0,0,666,473
4,2026-02-18 00:00:00,21h40,Caixa UA,Psicologia,12,11,Gestão,2,B,Excel,Excel,False,False,,528,433,1.4142135623730951,1.4142135623730951,1.0087391026304013,142.65725198359792,142.65725198359792,0.2942186402879975,-0.2942186402879975,42,-42,570,391,False,True,True,0,0,570,391
4,2026-02-18 00:00:00,22h00,Caixa UA,Gestão e Planeamento em Turismo,12,13,Biologia e Geologia,2,A,Excel,Excel,False,False,,674,500,1.4142135623730951,1.4142135623730951,1.0080363905839886,142.55787349294994,142.55787349294994,-0.8323813491985673,0.8323813491985672,-119,119,555,619,False,True,True,0,0,555,619
4,2026-02-18 00:00:00,22h00,Caixa UA,"Línguas, Literaturas e Culturas",13,4,Ciências do Mar,2,B,Excel,Excel,False,False,,272,467,1.4142135623730951,1.4142135623730951,1.125092775800282,159.11214624647508,159.11214624647508,0.8576633185538569,-0.8576633185538569,136,-136,408,331,False,False,False,0,0,408,331
4,2026-02-18 00:00:00,22h20,Caixa UA,Design,8,12,Línguas e Relações Empresariais,2,A,Excel,Excel,False,False,,663,554,1.4142135623730951,1.4142135623730951,1.0413797439924106,147.27333575346887,147.27333575346887,-0.7318299924954319,0.7318299924954319,-108,108,555,662,False,True,True,0,0,555,662
4,2026-02-18 00:00:00,22h20,Caixa UA,Eng. Biomédica,12,16,Eng. Computacional,2,B,Excel,Excel,False,False,,594,291,1.4142135623730951,1.4142135623730951,1.0291860089647606,145.54888120826024,145.54888120826024,-0.9421730009711796,0.9421730009711797,-137,137,457,428,False,True,True,0,0,457,428
5,2026-02-18 00:00:00,22h40,Caixa UA,Biologia e Geologia,7,9,Contabilidade,2,A,Excel,Excel,False,False,,619,710,1.1547005383792515,1.1547005383792515,1.0254498997012387,118.40875512659697,118.40875512659697,-0.3019264607885232,0.30192646078852325,-36,36,583,746,False,True,False,0,0,583,746
5,2026-02-18 00:00:00,22h40,Caixa UA,Ciências do Mar,17,8,Eng. Mecânica B,2,B,Excel,Excel,False,False,,331,368,1.1547005383792515,1.1547005383792515,1.0782907841670066,124.51029490070279,124.51029490070279,0.5843806117829594,-0.5843806117829594,73,-73,404,295,False,False,False,0,0,404,295
5,2026-02-18 00:00:00,23h00,Caixa UA,Física,11,16,Eng. Civil,2,A,Excel,Excel,False,False,,476,666,1.1547005383792515,1.1547005383792515,1.0381801711228769,119.87872025302494,119.87872025302494,-0.14805165414742621,0.14805165414742627,-18,18,458,684,False,False,True,0,0,458,684
5,2026-02-18 00:00:00,23h00,Caixa UA,Administração Pública,15,14,Psicologia,2,B,Excel,Excel,False,False,,519,570,1.1547005383792515,1.1547005383792515,1.0069231420593452,116.26946942424534,116.26946942424534,0.615319223886335,-0.615319223886335,72,-72,591,498,False,True,True,0,0,591,498
5,2026-02-18 00:00:00,23h20,Caixa UA,Economia,11,4,Música,2,A,Excel,Excel,False,False,,473,322,1.1547005383792515,1.4142135623730951,1.1064537610602057,127.76227535879671,156.47619150300628,0.19928623210699692,-0.19928623210699686,25,-31,498,291,False,True,False,0,0,498,291
5,2026-02-18 00:00:00,23h20,Caixa UA,Gestão,12,3,Eng. Física,2,B,Excel,Excel,False,False,,391,583,1.1547005383792515,1.4142135623730951,1.148698354997035,132.6402608950437,162.45047927124713,0.8542567588106296,-0.8542567588106297,113,-139,504,444,False,True,True,0,0,504,444
5,2026-02-18 00:00:00,23h40,Caixa UA,Línguas e Relações Empresariais,15,9,Gestão e Planeamento em Turismo,2,A,Excel,Excel,False,False,,662,555,1.1547005383792515,1.1547005383792515,1.0524097791489255,121.52181385788535,121.52181385788535,0.2718005570047375,-0.27180055700473754,33,-33,695,522,False,True,True,0,0,695,522
5,2026-02-18 00:00:00,23h40,Caixa UA,Eng. Computacional,20,18,"Línguas, Literaturas e Culturas",2,B,Excel,Excel,False,False,,428,408,1.1547005383792515,1.1547005383792515,1.0105917512032914,116.69308391960712,116.69308391960712,0.4540780772195163,-0.4540780772195163,53,-53,481,355,False,True,False,0,0,481,355
5,2026-02-19 00:00:00,20h00,Caixa UA,Eng. Informática,8,10,Eng. Mecânica,1,,Excel,Excel,False,False,,682,1157,1.4142135623730951,1.4142135623730951,1.0225651825635729,144.61255495919247,144.61255495919247,-0.012432735254442407,0.01243273525444244,-2,2,680,1159,False,True,True,0,0,680,1159
5,2026-02-19 00:00:00,20h20,Caixa UA,Eng. Aeroespacial,8,5,Matemática,1,,Excel,Excel,False,False,,942,874,1.4142135623730951,1.4142135623730951,1.0481223894689577,148.22688982138953,148.22688982138953,0.3483492602467557,-0.3483492602467557,52,-52,994,822,False,True,True,0,0,994,822
5,2026-02-19 00:00:00,20h40,Caixa UA,Eng. Computadores e Telemática,8,12,Eng. Eletrónica e Telecomunicações,1,,Excel,Excel,False,False,,987,970,1.4142135623730951,1.4142135623730951,1.0413797439924106,147.27333575346887,147.27333575346887,-0.5390641711450747,0.5390641711450745,-79,79,908,1049,False,True,True,0,0,908,1049
5,2026-02-19 00:00:00,21h00,Caixa UA,Eng. de Materiais,10,9,Biotecnologia,1,,Excel,Excel,False,False,,1343,707,1.4142135623730951,1.4142135623730951,1.0105917512032914,142.91925605740713,142.91925605740713,0.00284944798775133,-0.0028494479877513093,0,0,1343,707,False,True,True,0,0,1343,707
5,2026-02-19 00:00:00,21h20,Caixa UA,MTC,3,9,Biologia,1,,Excel,Excel,False,False,,821,908,1.4142135623730951,1.4142135623730951,1.1161231740339044,157.8436529997654,157.8436529997654,-0.3097475878448485,0.30974758784484857,-49,49,772,957,False,True,True,0,0,772,957
5,2026-02-19 00:00:00,21h40,Caixa UA,Eng. e Gestão Industrial,9,8,Tecnologias de Informação,1,,Excel,Excel,False,False,,1161,686,1.4142135623730951,1.4142135623730951,1.011847940917809,143.09690811052556,143.09690811052556,0.01243273525444244,-0.012432735254442407,2,-2,1163,684,False,True,True,0,0,1163,684
6,2026-02-19 00:00:00,22h00,Caixa UA,Eng. Mecânica,4,2,Eng. e Gestão Industrial,1,,Excel,Excel,False,False,,1159,1163,1.1976915649387767,1.1976915649387767,1.0717734625362931,128.36540356049443,128.36540356049443,0.5092092987579135,-0.5092092987579135,65,-65,1224,1098,False,True,True,0,0,1224,1098
6,2026-02-19 00:00:00,22h20,Caixa UA,Matemática,6,16,Eng. Informática,1,,Excel,Excel,False,False,,822,680,1.1976915649387767,1.1976915649387767,1.10305425242207,132.11187737957613,132.11187737957613,-0.7871562322064868,0.7871562322064867,-104,104,718,784,False,True,True,0,0,718,784
6,2026-02-19 00:00:00,22h40,Caixa UA,Eng. Eletrónica e Telecomunicações,11,8,Eng. Aeroespacial,1,,Excel,Excel,False,False,,1049,994,1.1976915649387767,1.1976915649387767,1.0323578626791556,123.64463041290487,123.64463041290487,0.37599824138233284,-0.37599824138233284,46,-46,1095,948,False,True,True,0,0,1095,948
6,2026-02-19 00:00:00,23h00,Caixa UA,Biotecnologia,2,9,Eng. Computadores e Telemática,1,,Excel,Excel,False,False,,707,908,1.1976915649387767,1.1976915649387767,1.1623080652394242,139.20865655975678,139.20865655975678,-0.13572286633444114,0.13572286633444108,-19,19,688,927,False,True,True,0,0,688,927
6,2026-02-19 00:00:00,23h20,Caixa UA,Biologia,8,14,Eng. de Materiais,1,,Excel,Excel,False,False,,957,1343,1.1976915649387767,1.1976915649387767,1.0575570503382523,126.66271586316581,126.66271586316581,-0.027782009361476373,0.027782009361476456,-4,4,953,1347,False,True,True,0,0,953,1347
6,2026-02-19 00:00:00,23h40,Caixa UA,Tecnologias de Informação,10,8,MTC,1,,Excel,Excel,False,False,,684,772,1.1976915649387767,1.1976915649387767,1.0225651825635729,122.47176937564716,122.47176937564716,0.6922181614910834,-0.6922181614910834,85,-85,769,687,False,True,True,0,0,769,687
7,2026-03-04 00:00:00,20h00,PAH,Eng. Mecânica,14,7,Matemática,1,,Excel,Excel,False,False,,1224,718,1.1017225651702667,1.1017225651702667,1.0717734625362931,118.07970084269036,118.07970084269036,0.009373674422883171,-0.00937367442288317,1,-1,1225,717,False,True,True,0,0,1225,717
7,2026-03-04 00:00:00,20h00,PAH,Física,20,6,Economia,2,A,Excel,Excel,False,False,,458,498,1.0563009905346672,1.0563009905346672,1.1279448730054993,119.14492866242084,119.14492866242084,0.5910755963149434,-0.5910755963149433,70,-70,528,428,False,False,True,0,0,528,428
6,2026-03-04 00:00:00,20h20,PAH,Eng. Civil,16,5,Biologia e Geologia,2,A,Excel,Excel,False,False,,684,583,1.0563009905346672,1.0563009905346672,1.1233497625229583,118.6595466869884,118.6595466869884,0.28287513822634347,-0.28287513822634347,34,-34,718,549,False,True,True,0,0,718,549
8,2026-03-04 00:00:00,20h20,PAH,Matemática,5,14,Eng. e Gestão Industrial,1,,Excel,Excel,False,False,,717,1098,1.0440126386761064,1.1017225651702667,1.108449222600272,115.72349977253887,122.12035208841596,-0.02905329489710629,0.029053294897106396,-3,4,714,1102,False,True,True,0,0,714,1102
6,2026-03-04 00:00:00,20h40,PAH,Música,5,16,Física,2,A,Excel,Excel,False,False,,291,528,1.1547005383792515,1.0,1.1233497625229583,129.71325755734642,112.33497625229583,-0.10130111024046981,0.10130111024046984,-13,11,278,539,False,False,False,0,0,278,539
7,2026-03-04 00:00:00,20h40,PAH,Eng. Aeroespacial,7,14,Biotecnologia,1,,Excel,Excel,False,False,,948,688,1.1017225651702667,1.1017225651702667,1.0717734625362931,118.07970084269036,118.07970084269036,-0.9164213770695134,0.9164213770695134,-108,108,840,796,False,True,True,0,0,840,796
6,2026-03-04 00:00:00,21h00,PAH,Gestão e Planeamento em Turismo,12,10,Design,2,A,Excel,Excel,False,False,,522,555,1.0563009905346672,1.1547005383792515,1.0183993761470242,107.57362697839889,117.59463079220627,0.5754056999594935,-0.5754056999594935,62,-68,584,487,False,True,True,0,0,584,487
7,2026-03-04 00:00:00,21h00,PAH,Eng. Computadores e Telemática,14,8,Biologia,1,,Excel,Excel,False,False,,927,953,1.1017225651702667,1.1017225651702667,1.0575570503382523,116.51344663125602,116.51344663125602,0.5595827514697412,-0.5595827514697413,65,-65,992,888,False,True,True,0,0,992,888
6,2026-03-04 00:00:00,21h20,PAH,"Línguas, Literaturas e Culturas",6,17,Eng. Biomédica,2,B,Excel,Excel,False,False,,355,457,1.0563009905346672,1.1547005383792515,1.1097617886603237,117.2242476619424,128.14425348387968,-0.28101050017639057,0.2810105001763906,-33,36,322,493,False,False,True,0,0,322,493
7,2026-03-04 00:00:00,21h20,PAH,Eng. de Materiais,10,4,Tecnologias de Informação,1,,Excel,Excel,False,False,,1347,769,1.1017225651702667,1.1017225651702667,1.0959582263852172,120.74419084925773,120.74419084925773,0.004851631813707069,-0.004851631813707123,1,-1,1348,768,False,True,True,0,0,1348,768
7,2026-03-04 00:00:00,21h40,PAH,Eng. Biomédica,15,9,Eng. Mecânica B,2,B,Excel,Excel,False,False,,493,295,1.0563009905346672,1.0563009905346672,1.0524097791489255,111.16614921633804,111.16614921633804,0.13899678995854903,-0.1389967899585489,15,-15,508,280,False,True,False,0,0,508,280
8,2026-03-04 00:00:00,21h40,PAH,Tecnologias de Informação,4,15,Eng. Computadores e Telemática,1,,Excel,Excel,False,False,,768,992,1.0440126386761064,1.0440126386761064,1.141308697219414,119.15407045280297,119.15407045280297,-0.1127337519231929,0.1127337519231929,-13,13,755,1005,False,True,True,0,0,755,1005
6,2026-03-04 00:00:00,22h00,PAH,Eng. Mecânica B,6,10,Eng. Computacional,2,B,Excel,Excel,False,False,,280,481,1.0,1.0563009905346672,1.0524097791489255,105.24097791489255,111.16614921633804,-0.13572286633444114,0.13572286633444108,-14,15,266,496,False,False,True,0,0,266,496
7,2026-03-04 00:00:00,22h00,PAH,Eng. Informática,6,12,Eng. Eletrónica e Telecomunicações,1,,Excel,Excel,False,False,,784,1095,1.1017225651702667,1.1017225651702667,1.0717734625362931,118.07970084269036,118.07970084269036,-0.05394090929844385,0.05394090929844375,-6,6,778,1101,False,True,True,0,0,778,1101
6,2026-03-04 00:00:00,22h20,PAH,Psicologia,9,12,Ciências do Mar,2,B,Excel,Excel,False,False,,498,404,1.0563009905346672,1.0563009905346672,1.0291860089647606,108.71302007138976,108.71302007138976,-0.7038651771714404,0.7038651771714404,-77,77,421,481,False,True,False,0,0,421,481
8,2026-03-04 00:00:00,22h20,PAH,Eng. Eletrónica e Telecomunicações,6,9,Eng. Mecânica,1,,Excel,Excel,False,False,,1101,1225,1.0440126386761064,1.0440126386761064,1.0413797439924106,108.72136143893647,108.72136143893647,-0.24193827059114958,0.24193827059114958,-26,26,1075,1251,False,True,True,0,0,1075,1251
6,2026-03-04 00:00:00,22h40,PAH,Eng. Física,6,15,Administração Pública,2,B,Excel,Excel,False,False,,444,591,1.1547005383792515,1.0563009905346672,1.0959582263852172,126.55035540481799,115.7661760115322,-0.20523023300349966,0.20523023300349974,-26,24,418,615,False,True,True,0,0,418,615
8,2026-03-04 00:00:00,22h40,PAH,Biotecnologia,11,17,Eng. Informática,1,,Excel,Excel,False,False,,796,778,1.0440126386761064,1.0440126386761064,1.0444932161107843,109.04641186311125,109.04641186311125,-0.5413518619012265,0.5413518619012265,-59,59,737,837,False,True,True,0,0,737,837
7,2026-03-04 00:00:00,23h00,PAH,Eng. Computacional,12,9,Psicologia,2,B,Excel,Excel,False,False,,496,421,1.0,1.0,1.0291860089647606,102.91860089647606,102.91860089647606,0.33386057541687786,-0.3338605754168779,34,-34,530,387,False,True,True,0,0,530,387
8,2026-03-04 00:00:00,23h00,PAH,Biologia,14,8,Eng. Aeroespacial,1,,Excel,Excel,False,False,,888,840,1.0440126386761064,1.0440126386761064,1.0575570503382523,110.41029266741586,110.41029266741586,0.39124156742750416,-0.39124156742750416,43,-43,931,797,False,True,True,0,0,931,797
7,2026-03-04 00:00:00,23h20,PAH,Eng. e Gestão Industrial,18,12,MTC,1,,Excel,Excel,False,False,,1102,687,1.0440126386761064,1.1017225651702667,1.0413797439924106,108.72136143893647,114.73115628676743,0.02140923325046018,-0.021409233250460114,2,-2,1104,685,False,True,True,0,0,1104,685
7,2026-03-04 00:00:00,23h20,PAH,Ciências do Mar,4,6,Eng. Física,2,B,Excel,Excel,False,False,,481,418,1.0,1.0563009905346672,1.0413797439924106,104.13797439924106,110.00104551019216,-0.6411252614133421,0.641125261413342,-67,71,414,489,False,False,True,0,0,414,489
7,2026-03-04 00:00:00,23h40,PAH,Administração Pública,10,9,Gestão,2,B,Excel,Excel,False,False,,615,504,1.0,1.0563009905346672,1.0105917512032914,101.05917512032914,106.74890678222006,0.2645703335567636,-0.2645703335567636,27,-28,642,476,False,True,True,0,0,642,476
8,2026-03-04 00:00:00,23h40,PAH,MTC,11,13,Eng. de Materiais,1,,Excel,Excel,False,False,,685,1348,1.0440126386761064,1.0440126386761064,1.0168457240564814,106.15997874987231,106.15997874987231,-0.002223480267688078,0.0022234802676880383,0,0,685,1348,False,True,True,0,0,685,1348
1,2026-03-18 00:00:00,21h20,Caixa UA,Eng. Computadores e Telemática,8,10,Eng. Aeroespacial,1,,Excel,Excel,False,False,,1005,797,1.0,1.0,1.0225651825635729,102.25651825635728,102.25651825635728,-0.8716638426541716,0.8716638426541716,-89,89,916,886,False,True,True,0,0,916,886
1,2026-03-18 00:00:00,21h40,Caixa UA,Eng. de Materiais,13,17,Eng. Informática,1,,Excel,Excel,False,False,,1348,837,1.0,1.0,1.0271894658159246,102.71894658159246,102.71894658159246,-0.991044432204034,0.991044432204034,-102,102,1246,939,False,True,True,0,0,1246,939
9,2026-03-18 00:00:00,22h00,Caixa UA,Matemática,6,17,Eng. Eletrónica e Telecomunicações,1,,Excel,Excel,False,False,,714,1075,1.0,1.0,1.1097617886603237,110.97617886603237,110.97617886603237,-0.03472567950413002,0.03472567950412997,-4,4,710,1079,False,True,True,0,0,710,1079
9,2026-03-18 00:00:00,22h20,Caixa UA,Eng. Mecânica,11,7,Biotecnologia,1,,Excel,Excel,False,False,,1251,737,1.0,1.0,1.0462355299946362,104.62355299946363,104.62355299946363,0.008713630395102423,-0.008713630395102472,1,-1,1252,736,False,True,True,0,0,1252,736
9,2026-03-18 00:00:00,22h40,Caixa UA,Eng. Informática,14,6,Biologia,1,,Excel,Excel,False,False,,939,931,1.0,1.0,1.0884229198901703,108.84229198901703,108.84229198901703,0.48158764877737414,-0.4815876487773741,52,-52,991,879,False,True,True,0,0,991,879
9,2026-03-18 00:00:00,23h00,Caixa UA,Eng. Aeroespacial,8,10,Tecnologias de Informação,1,,Excel,Excel,False,False,,886,755,1.0,1.0,1.0225651825635729,102.25651825635728,102.25651825635728,-0.769688755555601,0.769688755555601,-79,79,807,834,False,True,True,0,0,807,834
9,2026-03-18 00:00:00,23h20,Caixa UA,Eng. Computadores e Telemática,10,4,MTC,1,,Excel,Excel,False,False,,916,685,1.0,1.0,1.0959582263852172,109.59582263852172,109.59582263852172,0.10644412900488687,-0.10644412900488684,12,-12,928,673,False,True,True,0,0,928,673
9,2026-03-18 00:00:00,23h40,Caixa UA,Eng. e Gestão Industrial,5,10,Eng. de Materiais,1,,Excel,Excel,False,False,,1104,1246,1.0,1.0,1.0717734625362931,107.17734625362931,107.17734625362931,-0.2128437677935133,0.21284376779351322,-23,23,1081,1269,False,True,True,0,0,1081,1269
10,2026-05-06 00:00:00,20h00,PAH,Eng. e Gestão Industrial,6,9,Eng. Eletrónica e Telecomunicações,1,,Excel,Excel,False,False,,1081,1079,1.0,1.0,1.0413797439924106,104.13797439924106,104.13797439924106,-0.5046050399709767,0.5046050399709766,-53,53,1028,1132,False,True,True,0,0,1028,1132
10,2026-05-06 00:00:00,20h20,PAH,Biotecnologia,14,8,Matemática,1,,Excel,Excel,False,False,,736,710,1.0,1.0,1.0575570503382523,105.75570503382524,105.75570503382524,0.44041724853025865,-0.44041724853025876,47,-47,783,663,False,True,True,0,0,783,663
10,2026-05-06 00:00:00,20h40,PAH,Biologia,1,20,Eng. Mecânica,1,,Excel,Excel,False,False,,879,1252,1.0,1.0,1.3492828476735634,134.92828476735633,134.92828476735633,-0.031205536127479425,0.03120553612747945,-4,4,875,1256,False,True,True,0,0,875,1256
10,2026-05-06 00:00:00,21h00,PAH,Tecnologias de Informação,4,17,Eng. Informática,1,,Excel,Excel,False,False,,834,991,1.0,1.0,1.1556834473676476,115.56834473676476,115.56834473676476,-0.19061431725453826,0.19061431725453826,-22,22,812,1013,False,True,True,0,0,812,1013
10,2026-05-06 00:00:00,21h20,PAH,MTC,12,9,Eng. Aeroespacial,1,,Excel,Excel,False,False,,673,807,1.0,1.0,1.0291860089647606,102.91860089647606,102.91860089647606,0.7745503141732155,-0.7745503141732154,80,-80,753,727,False,True,True,0,0,753,727
10,2026-05-06 00:00:00,21h40,PAH,Eng. de Materiais,9,7,Eng. Computadores e Telemática,1,,Excel,Excel,False,False,,1269,928,1.0,1.0,1.0254498997012387,102.54498997012386,102.54498997012386,0.041458256182546505,-0.04145825618254646,4,-4,1273,924,False,True,True,0,0,1273,924
11,2026-05-06 00:00:00,22h00,PAH,Eng. Eletrónica e Telecomunicações,16,6,Biotecnologia,1,,Excel,Excel,False,False,,1132,783,1.0,1.0,1.10305425242207,110.305425242207,110.305425242207,0.03862708048597541,-0.038627080485975275,4,-4,1136,779,False,True,True,0,0,1136,779
7,2026-05-06 00:00:00,22h20,Caixa UA,Design,9,10,Contabilidade,2,A,Excel,Excel,False,False,,487,746,1.0563009905346672,1.0563009905346672,1.0105917512032914,106.74890678222006,106.74890678222006,-0.08428678377252943,0.0842867837725294,-9,9,478,755,False,True,False,0,0,478,755
11,2026-05-06 00:00:00,22h20,PAH,Matemática,17,9,Biologia,1,,Excel,Excel,False,False,,663,875,1.0,1.0,1.0656648499861847,106.56648499861848,106.56648499861848,0.8757290153768148,-0.8757290153768147,93,-93,756,782,False,True,True,0,0,756,782
7,2026-05-06 00:00:00,22h40,Caixa UA,Línguas e Relações Empresariais,12,13,Eng. Civil,2,A,Excel,Excel,False,False,,695,718,1.0563009905346672,1.0,1.0080363905839886,106.47898378688579,100.80363905839886,-0.4472377056107643,0.44723770561076437,-48,45,647,763,False,True,True,0,0,647,763
11,2026-05-06 00:00:00,22h40,PAH,Eng. Mecânica,17,8,Tecnologias de Informação,1,,Excel,Excel,False,False,,1256,812,1.0,1.0,1.0782907841670066,107.82907841670067,107.82907841670067,0.016473506929516657,-0.016473506929516712,2,-2,1258,810,False,True,True,0,0,1258,810
7,2026-05-06 00:00:00,23h00,Caixa UA,Biologia e Geologia,6,8,Música,2,A,Excel,Excel,False,False,,549,278,1.0,1.0563009905346672,1.0291860089647606,102.91860089647606,108.71302007138976,-0.9238610865589447,0.9238610865589447,-95,100,454,378,False,True,False,0,0,454,378
11,2026-05-06 00:00:00,23h00,PAH,Eng. Informática,13,10,MTC,1,,Excel,Excel,False,False,,1013,753,1.0,1.0,1.026583631304232,102.6583631304232,102.6583631304232,0.08357862293048657,-0.08357862293048655,9,-9,1022,744,False,True,True,0,0,1022,744
6,2026-05-06 00:00:00,23h20,Caixa UA,Contabilidade,6,10,Línguas e Relações Empresariais,2,A,Excel,Excel,False,False,,755,647,1.0,1.0,1.0524097791489255,105.24097791489255,105.24097791489255,-0.7300185634671421,0.7300185634671421,-77,77,678,724,False,False,True,0,0,678,724
11,2026-05-06 00:00:00,23h20,PAH,Eng. Aeroespacial,9,21,Eng. de Materiais,1,,Excel,Excel,False,False,,727,1273,1.0,1.0,1.0884229198901703,108.84229198901703,108.84229198901703,-0.006503785607402906,0.006503785607402834,-1,1,726,1274,False,True,True,0,0,726,1274
1,2026-05-06 00:00:00,23h40,Caixa UA,Economia,5,15,Design,2,A,Excel,Excel,False,False,,428,478,1.0,1.0,1.1161231740339044,111.61231740339043,111.61231740339043,-0.3868631798468569,0.3868631798468569,-43,43,385,521,False,True,True,0,0,385,521
11,2026-05-06 00:00:00,23h40,PAH,Eng. Computadores e Telemática,10,7,Eng. e Gestão Industrial,1,,Excel,Excel,False,False,,924,1028,1.0,1.0,1.0363112099103142,103.63112099103142,103.63112099103142,0.722696222960249,-0.722696222960249,75,-75,999,953,False,True,True,0,0,999,953
1,2026-05-13 00:00:00,16h30,PAH,Eng. Civil,6,5,Contabilidade,2,A,Excel,Excel,False,False,,763,678,1.0,1.0,1.0183993761470242,101.83993761470242,101.83993761470242,0.3136997423166875,-0.3136997423166875,32,-32,795,646,False,True,False,0,0,795,646
8,2026-05-13 00:00:00,16h30,PAH,Eng. Mecânica B,9,11,"Línguas, Literaturas e Culturas",2,B,Excel,Excel,False,False,,266,322,1.0,1.0,1.0202697667623288,102.02697667623288,102.02697667623288,-0.3738397589579467,0.37383975895794663,-38,38,228,360,False,False,False,0,0,228,360
8,2026-05-13 00:00:00,16h50,PAH,Contabilidade,13,6,Gestão e Planeamento em Turismo,2,A,Excel,Excel,False,False,,646,584,1.0,1.0,1.0803866526987886,108.03866526987886,108.03866526987886,0.3609966304745663,-0.36099663047456637,39,-39,685,545,False,False,True,0,0,685,545
8,2026-05-13 00:00:00,16h50,PAH,Psicologia,12,14,Eng. Biomédica,2,B,Excel,Excel,False,False,,387,508,1.0,1.0,1.0155344930023524,101.55344930023524,101.55344930023524,-0.2470419817120562,0.24704198171205616,-25,25,362,533,False,True,True,0,0,362,533
8,2026-05-13 00:00:00,17h10,PAH,Eng. Civil,13,12,Design,2,A,Excel,Excel,False,False,,795,521,1.0,1.0,1.0080363905839886,100.80363905839886,100.80363905839886,0.07421791861256899,-0.07421791861256902,7,-7,802,514,False,True,True,0,0,802,514
8,2026-05-13 00:00:00,17h10,PAH,Eng. Física,7,15,Eng. Computacional,2,B,Excel,Excel,False,False,,489,530,1.0,1.0,1.0791935024728683,107.91935024728683,107.91935024728683,-0.40670009774874816,0.40670009774874816,-44,44,445,574,False,True,True,0,0,445,574
8,2026-05-13 00:00:00,17h30,PAH,Música,0,21,Línguas e Relações Empresariais,2,A,Excel,Excel,False,False,,378,724,1.0,1.0,1.4531984602822678,145.31984602822678,145.31984602822678,-0.039666341857291926,0.03966634185729201,-6,6,372,730,False,False,True,0,0,372,730
8,2026-05-13 00:00:00,17h30,PAH,Gestão,7,6,Ciências do Mar,2,B,Excel,Excel,False,False,,476,414,1.0,1.0,1.0155344930023524,101.55344930023524,101.55344930023524,0.3609966304745663,-0.36099663047456637,37,-37,513,377,False,True,False,0,0,513,377
8,2026-05-13 00:00:00,17h50,PAH,Economia,13,6,Biologia e Geologia,2,A,Excel,Excel,False,False,,385,454,1.0,1.0,1.0803866526987886,108.03866526987886,108.03866526987886,0.6537385749742919,-0.6537385749742918,71,-71,456,383,False,True,True,0,0,456,383
9,2026-05-13 00:00:00,17h50,PAH,"Línguas, Literaturas e Culturas",5,16,Psicologia,2,B,Excel,Excel,False,False,,360,362,1.0,1.0,1.1233497625229583,112.33497625229583,112.33497625229583,-0.4953949600290234,0.4953949600290233,-56,56,304,418,False,False,True,0,0,304,418
9,2026-05-13 00:00:00,18h10,PAH,Gestão e Planeamento em Turismo,6,18,Eng. Civil,2,A,Excel,Excel,False,False,,545,802,1.0,1.0,1.1161231740339044,111.61231740339043,111.61231740339043,-0.08571946895772545,0.08571946895772542,-10,10,535,812,False,True,True,0,0,535,812
9,2026-05-13 00:00:00,18h10,PAH,Eng. Biomédica,21,0,Eng. Física,2,B,Excel,Excel,False,False,,533,445,1.0,1.0,1.4531984602822678,145.31984602822678,145.31984602822678,0.3077818385089166,-0.3077818385089166,45,-45,578,400,False,True,True,0,0,578,400
9,2026-05-13 00:00:00,18h30,PAH,Design,21,0,Música,2,A,Excel,Excel,False,False,,514,372,1.0,1.0,1.4531984602822678,145.31984602822678,145.31984602822678,0.21284376779351322,-0.2128437677935133,31,-31,545,341,False,True,False,0,0,545,341
9,2026-05-13 00:00:00,18h30,PAH,Eng. Computacional,16,9,Gestão,2,B,Excel,Excel,False,False,,574,513,1.0,1.0,1.0592238410488122,105.92238410488122,105.92238410488122,0.36312396247085243,-0.36312396247085243,38,-38,612,475,False,True,True,0,0,612,475
9,2026-05-13 00:00:00,18h50,PAH,Línguas e Relações Empresariais,15,20,Economia,2,A,Excel,Excel,False,False,,730,456,1.0,1.0,1.0291860089647606,102.91860089647606,102.91860089647606,-0.925782081387431,0.925782081387431,-95,95,635,551,False,True,True,0,0,635,551
9,2026-05-13 00:00:00,18h50,PAH,Ciências do Mar,11,15,Administração Pública,2,B,Excel,Excel,False,False,,377,642,1.0,1.0,1.0315014846402712,103.15014846402713,103.15014846402713,-0.08011834302901932,0.08011834302901921,-8,8,369,650,False,False,True,0,0,369,650
9,2026-05-13 00:00:00,19h10,PAH,Biologia e Geologia,10,21,Física,2,A,Excel,Excel,False,False,,383,539,1.0,1.0,1.0770154403043632,107.70154403043632,107.70154403043632,-0.19203934377285506,0.19203934377285514,-21,21,362,560,False,True,False,0,0,362,560
LM1,2026-05-13 00:00:00,18h30,Caixa UA,Eng. Aeroespacial,11,12,Contabilidade,,,Calendário PDF Playoffs,Excel,False,False,,726,685,1.5,1.5,1.0087391026304013,151.3108653945602,151.3108653945602,-0.5932999022512518,0.5932999022512518,-90,90,636,775,False,True,False,0,0,636,775
LM2,2026-05-13 00:00:00,19h00,Caixa UA,Contabilidade,14,13,Administração Pública,,,Calendário PDF Playoffs,Excel,False,False,,775,650,1.5,1.5,1.0074383251323098,151.11574876984648,151.11574876984648,0.24025307335204216,-0.2402530733520421,36,-36,811,614,False,False,True,0,0,811,614
LM3,2026-05-13 00:00:00,19h30,Caixa UA,Administração Pública,10,11,Eng. Aeroespacial,,,Calendário PDF Playoffs,Excel,False,False,,614,636,1.5,1.5,1.009576582776887,151.43648741653305,151.43648741653305,-0.449515741335684,0.44951574133568395,-68,68,546,704,False,True,True,0,0,546,704
E1,2026-05-13 00:00:00,18h00,Caixa UA,Eng. de Materiais,11,8,Eng. Biomédica,,,Calendário PDF Playoffs,Excel,False,False,,1274,578,1.5,1.5,1.0323578626791556,154.85367940187334,154.85367940187334,0.0016416722038640197,-0.0016416722038641103,0,0,1274,578,False,True,True,0,0,1274,578
E1,2026-05-13 00:00:00,19h30,Caixa UA,Eng. Mecânica,18,9,Eng. Civil,,,Calendário PDF Playoffs,Excel,False,False,,1258,812,1.5,1.5,1.0717734625362931,160.76601938044396,160.76601938044396,0.0161776957773192,-0.01617769577731934,3,-3,1261,809,False,True,True,0,0,1261,809
E1,2026-05-13 00:00:00,21h00,Caixa UA,Eng. Eletrónica e Telecomunicações,19,15,Eng. Informática,,,Calendário PDF Playoffs,Excel,False,False,,1136,1022,1.5,1.5,1.0239204907045867,153.588073605688,153.588073605688,0.25922917135863655,-0.25922917135863655,40,-40,1176,982,False,True,True,0,0,1176,982
E1,2026-05-13 00:00:00,22h30,Caixa UA,Eng. Computadores e Telemática,11,13,Eng. e Gestão Industrial,,,Calendário PDF Playoffs,Excel,False,False,,999,953,1.5,1.5,1.0168457240564814,152.52685860847222,152.52685860847222,-0.6043624669113161,0.6043624669113159,-92,92,907,1045,False,True,True,0,0,907,1045
