Jornada,Dia,Hora,Local,Equipa 1,Golos 1,Golos 2,Equipa 2,Fonte_Data,Fonte_Local,Data_Placeholder,Local_Placeholder,Falta de Comparência,Elo Antes 1,Elo Antes 2,Season Phase 1,Season Phase 2,Proportional Multiplier,K Factor 1,K Factor 2,Elo Change 1,Elo Change 2,Elo Delta 1,Elo Delta 2,Elo Depois 1,Elo Depois 2,Has Absence,Was In Previous Season 1,Was In Previous Season 2,Inter Group Adjustment 1,Inter Group Adjustment 2,Final Elo 1,Final Elo 2
1,2025-11-03 00:00:00,21h00,Caixa UA,Matemática,4,1,Eng. Mecânica,Excel,Excel,False,False,,1038,863,2.0,2.0,1.148698354997035,229.73967099940702,229.73967099940702,0.16633753081656188,-0.1663375308165619,38,-38,1076,825,False,True,True,0,0,1076,825
1,2025-11-04 00:00:00,21h15,Caixa UA,Eng. Civil,3,0,Eng. e Gestão Industrial,Excel,Excel,False,False,,989,768,2.0,2.0,1.1962311988513155,239.2462397702631,239.2462397702631,0.11552725507651196,-0.11552725507651201,28,-28,1017,740,False,True,True,0,0,1017,740
1,2025-11-04 00:00:00,22h00,Caixa UA,Contabilidade,3,7,Eng. Eletrónica e Telecomunicações,Excel,Excel,False,False,,713,733,2.0,2.0,1.0884229198901703,217.68458397803406,217.68458397803406,-0.4540780772195163,0.4540780772195163,-99,99,614,832,False,True,True,0,0,614,832
1,2025-11-04 00:00:00,22h45,Caixa UA,Eng. de Materiais,2,4,Fisioterapia,Excel,Excel,False,False,,635,816,2.0,2.0,1.0717734625362931,214.35469250725862,214.35469250725862,-0.1588150002514778,0.15881500025147777,-34,34,601,850,False,True,True,0,0,601,850
1,2025-11-04 00:00:00,23h30,Caixa UA,Biologia,3,0,Economia,Excel,Excel,False,False,,637,408,2.0,2.0,1.1962311988513155,239.2462397702631,239.2462397702631,0.10820893368151263,-0.10820893368151258,26,-26,663,382,False,True,True,0,0,663,382
2,2025-11-26 00:00:00,19h30,PAH,Eng. e Gestão Industrial,9,1,Economia,Excel,Excel,False,False,,740,382,1.3710190645764506,1.4044959075600116,1.2457309396155174,170.79208675456096,174.9624006610882,0.03566386765225105,-0.035663867652251,6,-6,746,376,False,True,True,0,0,746,376
2,2025-11-27 00:00:00,20h15,PAH,Eng. de Materiais,0,1,Ciências Biomédicas,Excel,Excel,False,False,,601,729,1.3333333333333333,2.0,1.0717734625362931,142.9031283381724,214.35469250725862,-0.23524579684000338,0.23524579684000335,-34,50,567,779,False,True,True,0,0,567,779
2,2025-11-27 00:00:00,21h00,PAH,Eng. Civil,5,3,Contabilidade,Excel,Excel,False,False,,1017,614,1.3710190645764506,1.4044959075600116,1.0524097791489255,144.2873870959869,147.81052278908015,0.023851510433723244,-0.023851510433723133,3,-4,1020,610,False,True,True,0,0,1020,610
2,2025-11-27 00:00:00,22h30,PAH,Matemática,6,1,Eng. Eletrónica e Telecomunicações,Excel,Excel,False,False,,1076,832,1.3710190645764506,1.3710190645764506,1.1962311988513155,164.00557792662968,164.00557792662968,0.09558062329716588,-0.09558062329716588,16,-16,1092,816,False,True,True,0,0,1092,816
4,2026-02-09 00:00:00,21h45,Caixa UA,Eng. Eletrónica e Telecomunicações,3,4,Eng. de Materiais,Excel,Excel,False,False,,816,567,1.4142135623730951,1.4142135623730951,1.0291860089647606,145.54888120826024,145.54888120826024,-0.9083268504665672,0.9083268504665672,-132,132,684,699,False,True,True,0,0,684,699
4,2026-02-09 00:00:00,22h30,Caixa UA,Economia,2,11,Ciências Biomédicas,Excel,Excel,False,False,,376,779,1.4142135623730951,1.4142135623730951,1.185867778627801,167.70702957166912,167.70702957166912,-0.023851510433723133,0.023851510433723244,-4,4,372,783,False,True,True,0,0,372,783
4,2026-02-09 00:00:00,23h15,Caixa UA,Matemática,3,0,Contabilidade,Excel,Excel,False,False,,1092,610,1.4142135623730951,1.4142135623730951,1.1962311988513155,169.17263851493573,169.17263851493573,0.011665515865501463,-0.011665515865501557,2,-2,1094,608,False,True,True,0,0,1094,608
5,2026-02-24 00:00:00,20h15,PAH,Eng. Eletrónica e Telecomunicações,6,0,Ciências Biomédicas,Excel,Excel,False,False,,684,783,1.1709052329614258,1.1709052329614258,1.2820888539868154,150.12045482546796,150.12045482546796,0.7133732025211301,-0.7133732025211301,107,-107,791,676,False,True,True,0,0,791,676
5,2026-02-24 00:00:00,21h00,PAH,Eng. Civil,1,8,Eng. Biomédica,Excel,Excel,False,False,,1020,1226,1.4142135623730951,2.0,1.2311444133449163,174.11011265922482,246.22888266898326,-0.130410950991672,0.13041095099167188,-23,32,997,1258,False,True,True,0,0,997,1258
5,2026-02-24 00:00:00,21h45,PAH,Fisioterapia,10,1,Música,Excel,Excel,False,False,,850,479,1.3710190645764506,2.0,1.2589254117941673,172.60107404495622,251.78508235883345,0.03176726044848721,-0.03176726044848718,5,-8,855,471,False,True,True,0,0,855,471
5,2026-02-24 00:00:00,23h15,PAH,Eng. de Materiais,1,2,Matemática,Excel,Excel,False,False,,699,1094,1.1547005383792515,1.1709052329614258,1.0717734625362931,123.75773942112522,125.49451558329322,-0.025628579593138072,0.025628579593138134,-3,3,696,1097,False,True,True,0,0,696,1097
6,2026-03-04 00:00:00,21h00,Caixa UA,Contabilidade,3,3,Eng. de Materiais,Excel,Excel,False,False,,608,696,1.1851143014747614,1.0563009905346672,1.0,118.51143014747613,105.63009905346672,0.1922181614910834,-0.1922181614910834,23,-20,631,676,False,True,True,0,0,631,676
6,2026-03-04 00:00:00,21h45,Caixa UA,Eng. e Gestão Industrial,2,5,Fisioterapia,Excel,Excel,False,False,,746,855,1.4142135623730951,1.4142135623730951,1.0959582263852172,154.9918987548337,154.9918987548337,-0.2681700075045681,0.2681700075045681,-42,42,704,897,False,True,True,0,0,704,897
6,2026-03-04 00:00:00,22h30,Caixa UA,Eng. Mecânica,0,4,Eng. Eletrónica e Telecomunicações,Excel,Excel,False,False,,825,791,1.3710190645764506,1.0730485939541088,1.2311444133449163,168.79224619426702,132.10777816942186,-0.5776543372747318,0.5776543372747318,-98,76,727,867,False,True,True,0,0,727,867
7,2026-03-10 00:00:00,21h00,Caixa UA,Eng. de Materiais,1,6,Eng. Mecânica,Excel,Excel,False,False,,676,727,1.0,1.4142135623730951,1.1962311988513155,119.62311988513154,169.17263851493573,-0.3846807761136651,0.384680776113665,-46,65,630,792,False,True,True,0,0,630,792
7,2026-03-10 00:00:00,22h30,Caixa UA,Música,1,2,Ciências Biomédicas,Excel,Excel,False,False,,471,676,1.4142135623730951,1.0730485939541088,1.0717734625362931,151.5716566510398,115.0065007011896,-0.1314590000241483,0.13145900002414823,-20,15,451,691,False,True,True,0,0,451,691
7,2026-03-10 00:00:00,23h15,Caixa UA,Biologia,1,5,Eng. Eletrónica e Telecomunicações,Excel,Excel,False,False,,663,867,1.4142135623730951,1.0,1.174618943088019,166.1162039935427,117.4618943088019,-0.13251418820943656,0.1325141882094365,-22,16,641,883,False,True,True,0,0,641,883
8,2026-03-24 00:00:00,21h00,Caixa UA,Contabilidade,3,2,Eng. e Gestão Industrial,Excel,Excel,False,False,,631,704,1.0880961833908367,1.1709052329614258,1.0413797439924106,113.31213248986685,121.93569917407434,0.6620302481728175,-0.6620302481728175,75,-81,706,623,False,True,True,0,0,706,623
8,2026-03-24 00:00:00,21h45,Caixa UA,Eng. Biomédica,3,0,Eng. de Materiais,Excel,Excel,False,False,,1258,630,1.4142135623730951,1.0,1.1962311988513155,169.17263851493573,119.62311988513154,0.0030666634610363452,-0.0030666634610363322,1,0,1259,630,False,True,True,0,0,1259,630
7,2026-03-24 00:00:00,22h30,Caixa UA,Matemática,3,2,Fisioterapia,Excel,Excel,False,False,,1097,897,1.0730485939541088,1.1709052329614258,1.0413797439924106,111.74510700633459,121.93569917407434,0.1368068886032101,-0.13680688860321,15,-17,1112,880,False,True,True,0,0,1112,880
7,2026-03-30 00:00:00,21h45,Caixa UA,Eng. Biomédica,3,0,Eng. e Gestão Industrial,Excel,Excel,False,False,,1259,623,1.1851143014747614,1.0730485939541088,1.1962311988513155,141.7670701628993,128.3614205971442,0.00284944798775133,-0.0028494479877513093,0,0,1259,623,False,True,True,0,0,1259,623
8,2026-03-30 00:00:00,21h45,Caixa UA,Matemática,4,2,Eng. Civil,Excel,Excel,False,False,,1112,997,1.0,1.1709052329614258,1.0717734625362931,107.17734625362931,125.49451558329322,0.2574644410569302,-0.25746444105693017,28,-32,1140,965,False,True,True,0,0,1140,965
8,2026-03-30 00:00:00,22h30,Caixa UA,Ciências Biomédicas,2,8,Fisioterapia,Excel,Excel,False,False,,691,880,1.0,1.0730485939541088,1.148698354997035,114.86983549970351,123.26091547069662,-0.14921714590912669,0.1492171459091266,-17,18,674,898,False,True,True,0,0,674,898
8,2026-03-30 00:00:00,23h15,Caixa UA,Economia,0,8,Eng. Mecânica,Excel,Excel,False,False,,372,792,1.1851143014747614,1.1709052329614258,1.3195079107728942,156.37676959660402,154.501871765798,-0.02046537893821956,0.020465378938219647,-3,3,369,795,False,True,True,0,0,369,795
11,2026-04-19 00:00:00,21h00,PAH,Eng. Biomédica,11,0,Ciências Biomédicas,Excel,Excel,False,False,,1259,674,1.0880961833908367,1.0,1.362204366553743,148.22093722454602,136.2204366553743,0.004550083999569132,-0.004550083999569165,1,-1,1260,673,False,True,True,0,0,1260,673
11,2026-04-19 00:00:00,21h45,PAH,Contabilidade,11,0,Economia,Excel,Excel,False,False,,706,369,1.0306629536620757,1.0880961833908367,1.362204366553743,140.39735759236578,148.22093722454602,0.042947298760430797,-0.04294729876043078,6,-6,712,363,False,True,True,0,0,712,363
11,2026-04-19 00:00:00,22h30,PAH,Eng. e Gestão Industrial,2,1,Eng. Eletrónica e Telecomunicações,Excel,Excel,False,False,,623,883,1.0,1.0,1.0717734625362931,107.17734625362931,107.17734625362931,0.9164213770695134,-0.9164213770695134,98,-98,721,785,False,True,True,0,0,721,785
9,2026-04-21 00:00:00,20h15,PAH,Música,0,11,Eng. Mecânica,Excel,Excel,False,False,,451,795,1.1709052329614258,1.0730485939541088,1.362204366553743,159.5012221160682,146.17114802086414,-0.040374020295134705,0.040374020295134705,-6,6,445,801,False,True,True,0,0,445,801
9,2026-04-21 00:00:00,21h00,PAH,Eng. Civil,9,0,Biologia,Excel,Excel,False,False,,965,641,1.0730485939541088,1.1709052329614258,1.335141362540313,143.26715618038557,156.33240081417006,0.0481470687239387,-0.0481470687239387,7,-8,972,633,False,True,True,0,0,972,633
9,2026-04-21 00:00:00,21h45,PAH,Ciências Biomédicas,1,1,Contabilidade,Excel,Excel,False,False,,673,712,1.0,1.0,1.0,100.0,100.0,0.088847555610862,-0.088847555610862,9,-9,682,703,False,True,True,0,0,682,703
9,2026-04-21 00:00:00,22h30,PAH,Eng. Biomédica,5,0,Eng. Eletrónica e Telecomunicações,Excel,Excel,False,False,,1260,785,1.0306629536620757,1.0,1.2589254117941673,129.75277833600214,125.89254117941672,0.01243273525444244,-0.012432735254442407,2,-2,1262,783,False,True,True,0,0,1262,783
9,2026-04-21 00:00:00,23h15,PAH,Fisioterapia,3,0,Economia,Excel,Excel,False,False,,898,363,1.0,1.0306629536620757,1.1962311988513155,119.62311988513154,123.29111806708227,0.007192256309701661,-0.007192256309701658,1,-1,899,362,False,True,True,0,0,899,362
11,2026-05-04 00:00:00,21h00,Caixa UA,Eng. Mecânica,1,3,Eng. Civil,Excel,Excel,False,False,,801,972,1.0,1.0,1.1161231740339044,111.61231740339043,111.61231740339043,-0.17150928800004395,0.17150928800004395,-19,19,782,991,False,True,True,0,0,782,991
10,2026-05-04 00:00:00,21h45,Caixa UA,Fisioterapia,0,4,Eng. Biomédica,Excel,Excel,False,False,,899,1262,1.0,1.0,1.2311444133449163,123.11444133449163,123.11444133449163,-0.034113486065083694,0.03411348606508369,-4,4,895,1266,False,True,True,0,0,895,1266
10,2026-05-04 00:00:00,22h30,Caixa UA,Biologia,0,7,Matemática,Excel,Excel,False,False,,633,1140,1.0730485939541088,1.0,1.3020054543174677,139.71151220759393,130.20054543174678,-0.009288534300655576,0.00928853430065546,-1,1,632,1141,False,True,True,0,0,632,1141
10,2026-05-04 00:00:00,23h15,Caixa UA,Música,1,10,Contabilidade,Excel,Excel,False,False,,445,703,1.0730485939541088,1.0,1.2589254117941673,135.08881430188285,125.89254117941672,-0.08500038831701841,0.0850003883170185,-11,11,434,714,False,True,True,0,0,434,714
4,2026-05-07 00:00:00,20h00,Caixa UA,Música,1,5,Eng. e Gestão Industrial,Excel,Excel,False,False,,434,721,1.0,1.0,1.174618943088019,117.4618943088019,117.4618943088019,-0.06639896709618964,0.06639896709618953,-8,8,426,729,False,True,True,0,0,426,729
5,2026-05-07 00:00:00,20h45,Caixa UA,Eng. Mecânica,6,0,Biologia,Excel,Excel,False,False,,782,632,1.0,1.0,1.2820888539868154,128.20888539868153,128.20888539868153,0.20076000891310175,-0.20076000891310175,26,-26,808,606,False,True,True,0,0,808,606
6,2026-05-07 00:00:00,21h30,Caixa UA,Economia,0,11,Eng. Civil,Excel,Excel,False,False,,362,991,1.0,1.0,1.362204366553743,136.2204366553743,136.2204366553743,-0.003038633553644514,0.003038633553644532,0,0,362,991,False,True,True,0,0,362,991
6,2026-05-13 00:00:00,20h15,PAH,Biologia,0,8,Eng. Biomédica,Excel,Excel,False,False,,606,1266,1.0,1.0,1.3195079107728942,131.9507910772894,131.9507910772894,-0.0022856315733302854,0.0022856315733302823,0,0,606,1266,False,True,True,0,0,606,1266
8,2026-05-27 00:00:00,19h30,PAH,Biologia,6,1,Música,Excel,Excel,False,False,,606,426,1.0,1.0,1.1962311988513155,119.62311988513154,119.62311988513154,0.16004930536524653,-0.16004930536524656,19,-19,625,407,False,True,True,0,0,625,407
2,2026-08-01 00:00:00,15h00,PAH,Eng. Biomédica,17,0,Música,,Excel,True,False,,1266,407,1.0,1.0,1.4228132198218728,142.28132198218728,142.28132198218728,0.0003663033473377819,-0.00036630334733764953,0,0,1266,407,False,True,True,0,0,1266,407
3,2026-12-17 00:00:00,18h30,PAH,Ciências Biomédicas,0,6,Eng. Civil,Excel,Excel,False,False,,682,991,1.0,1.0,1.2820888539868154,128.20888539868153,128.20888539868153,-0.05488870128887759,0.05488870128887746,-7,7,675,998,False,True,True,0,0,675,998
3,2026-12-17 00:00:00,20h00,PAH,Música,0,16,Matemática,Excel,Excel,False,False,,407,1141,1.0,1.0,1.4142135623730951,141.4213562373095,141.4213562373095,-0.001157436145358689,0.0011574361453587922,0,0,407,1141,False,True,True,0,0,407,1141
3,2026-12-17 00:00:00,20h45,PAH,Eng. Mecânica,0,8,Fisioterapia,Excel,Excel,False,False,,808,895,1.0,1.0,1.3195079107728942,131.9507910772894,131.9507910772894,-0.3097475878448485,0.30974758784484857,-41,41,767,936,False,True,True,0,0,767,936
3,2026-12-17 00:00:00,21h30,PAH,Biologia,0,11,Eng. e Gestão Industrial,Excel,Excel,False,False,,625,729,1.0,1.0,1.362204366553743,136.2204366553743,136.2204366553743,-0.27730377703975095,0.27730377703975095,-38,38,587,767,False,True,True,0,0,587,767
3,2026-12-17 00:00:00,23h00,PAH,Economia,0,9,Eng. de Materiais,Excel,Excel,False,False,,362,630,1.0,1.0,1.335141362540313,133.5141362540313,133.5141362540313,-0.07810543485389998,0.07810543485389998,-10,10,352,640,False,True,True,0,0,352,640
E1,2026-05-14 00:00:00,20h15,PAH,Eng. Biomédica,6,1,Contabilidade,,Excel,False,False,,1266,714,1.5,1.5,1.1962311988513155,179.43467982769732,179.43467982769732,0.006156276246998771,-0.006156276246998706,1,-1,1267,713,False,True,True,0,0,1267,713
E1,2026-05-14 00:00:00,21h15,PAH,Matemática,7,0,Eng. Eletrónica e Telecomunicações,,Excel,False,False,,1141,783,1.5,1.5,1.3020054543174677,195.30081814762016,195.30081814762016,0.03566386765225105,-0.035663867652251,7,-7,1148,776,False,True,True,0,0,1148,776
E1,2026-05-14 00:00:00,22h15,PAH,Fisioterapia,1,3,Eng. Mecânica,,Excel,False,False,,936,767,1.5,1.5,1.1161231740339044,167.41847610508566,167.41847610508566,-0.8258573866648216,0.8258573866648216,-138,138,798,905,False,True,True,0,0,798,905
E1,2026-05-14 00:00:00,23h15,PAH,Eng. Civil,4,1,Eng. e Gestão Industrial,,Excel,False,False,,998,767,1.5,1.5,1.148698354997035,172.30475324955526,172.30475324955526,0.10644412900488687,-0.10644412900488684,18,-18,1016,749,False,True,True,0,0,1016,749
E2,2026-05-21 00:00:00,20h15,PAH,Eng. Biomédica,,,Eng. Civil,,Excel,False,False,,1267,1016,1.5,1.5,1.0,150.0,150.0,0.09015076837319747,-0.09015076837319749,14,-14,1281,1002,False,True,True,0,0,1281,1002
E2,2026-05-21 00:00:00,21h15,PAH,Matemática,5,3,Eng. Mecânica,,Excel,False,False,,1148,905,1.5,1.5,1.0524097791489255,157.86146687233884,157.86146687233884,0.09637978196241315,-0.09637978196241301,15,-15,1163,890,False,True,True,0,0,1163,890
E3L,2026-05-26 00:00:00,20h30,PAH,Eng. Civil,6,0,Eng. Mecânica,,Excel,False,False,,1002,890,0.75,0.75,1.2820888539868154,96.15666404901116,96.15666404901116,0.2627821413115623,-0.26278214131156236,25,-25,1027,865,False,True,True,0,0,1027,865
E3,2026-06-02 00:00:00,20h30,Caixa UA,Eng. Biomédica,4,0,Matemática,,Excel,False,False,,1281,1163,1.5,1.5,1.2311444133449163,184.67166200173745,184.67166200173745,0.2522175350614265,-0.25221753506142647,47,-47,1328,1116,False,True,True,0,0,1328,1116
