Jornada,Dia,Hora,Local,Equipa 1,Golos 1,Golos 2,Equipa 2,Divisao,Falta de Comparência,Elo Antes 1,Elo Antes 2,Season Phase 1,Season Phase 2,Proportional Multiplier,K Factor 1,K Factor 2,Elo Change 1,Elo Change 2,Elo Delta 1,Elo Delta 2,Elo Depois 1,Elo Depois 2,Has Absence,Was In Previous Season 1,Was In Previous Season 2,Inter Group Adjustment 1,Inter Group Adjustment 2,Final Elo 1,Final Elo 2
1,2025-10-20 00:00:00,20h15,PAH,Administração Pública,11.0,18.0,Biologia e Geologia,2.0,,500,500,2.0,2.0,1.0504804684523814,210.0960936904763,210.0960936904763,-0.5,0.5,-105,105,395,605,False,False,False,0,0,395,605
1,2025-10-20 00:00:00,21h15,PAH,Gestão,23.0,16.0,Biologia,2.0,,527,629,2.0,2.0,1.0369570899538563,207.39141799077126,207.39141799077126,0.7189894998236095,-0.7189894998236094,149,-149,676,480,False,True,True,0,0,676,480
1,2025-10-20 00:00:00,22h15,PAH,Economia,22.0,19.0,MTC,2.0,,747,281,2.0,2.0,1.0147683373905658,202.95366747811318,202.95366747811318,0.013492744105464305,-0.013492744105464168,3,-3,750,278,False,True,True,0,0,750,278
1,2025-10-20 00:00:00,23h15,PAH,Eng. Biomédica,24.0,18.0,Matemática,2.0,,493,727,2.0,2.0,1.0291860089647606,205.83720179295213,205.83720179295213,0.8961555267955992,-0.8961555267955992,184,-184,677,543,False,True,True,0,0,677,543
1,2025-10-21 00:00:00,20h15,PAH,Ciências do Mar,17.0,9.0,Psicologia,2.0,,488,365,2.0,2.0,1.0656648499861847,213.13296999723696,213.13296999723696,0.24363149773542248,-0.2436314977354225,52,-52,540,313,False,True,True,0,0,540,313
1,2025-10-21 00:00:00,22h15,PAH,Eng. Cívil,26.0,17.0,Eng. de Materiais,1.0,,912,982,2.0,2.0,1.0434038687156455,208.6807737431291,208.6807737431291,0.6558205059123949,-0.655820505912395,137,-137,1049,845,False,True,True,0,0,1049,845
1,2025-10-21 00:00:00,23h15,PAH,Eng. Eletrónica e Telecomunicações,13.0,13.0,Eng. Mecânica,1.0,,1044,1171,2.0,2.0,1.0,200.0,200.0,0.2630931762910347,-0.2630931762910347,53,-53,1097,1118,False,True,True,0,0,1097,1118
1,2025-10-23 00:00:00,22h15,PAH,Eng. Computadores e Telemática,16.0,25.0,Gestão Comercial,1.0,,837,1119,2.0,2.0,1.0456395525912732,209.12791051825462,209.12791051825462,-0.0693113588793653,0.06931135887936535,-14,14,823,1133,False,True,True,0,0,823,1133
1,2025-10-23 00:00:00,23h15,PAH,Eng. Informática ,17.0,26.0,Marketing,1.0,,950,1068,2.0,2.0,1.0434038687156455,208.6807737431291,208.6807737431291,-0.25221753506142647,0.2522175350614265,-53,53,897,1121,False,True,True,0,0,897,1121
2,2025-11-03 00:00:00,20h15,PAH,Biologia e Geologia,22.0,13.0,Edcucação Básica,2.0,,605,500,1.4344650847254958,2.0,1.054017770031711,151.19516897907167,210.8035540063422,0.2754617571574639,-0.27546175715746396,42,-58,647,442,False,False,True,0,0,647,442
2,2025-11-03 00:00:00,21h15,PAH,Biologia,15.0,17.0,Administração Pública,2.0,,480,395,1.4344650847254958,1.4344650847254958,1.0125949711793618,145.25321311254143,145.25321311254143,-0.6863002576833125,0.6863002576833125,-100,100,380,495,False,True,False,0,0,380,495
2,2025-11-03 00:00:00,22h15,PAH,MTC,19.0,24.0,Gestão,2.0,,278,676,1.4344650847254958,1.4344650847254958,1.0236365020371037,146.83708216227643,146.83708216227643,-0.024947554266466512,0.024947554266466554,-4,4,274,680,False,True,True,0,0,274,680
2,2025-11-03 00:00:00,23h15,PAH,Matemática,18.0,19.0,Economia,2.0,,543,750,1.4344650847254958,1.4344650847254958,1.0054213648268824,144.22418432812177,144.22418432812177,-0.12937001290659653,0.12937001290659644,-19,19,524,769,False,True,True,0,0,524,769
2,2025-11-04 00:00:00,22h15,PAH,Psicologia,11.0,20.0,Eng. Biomédica,2.0,,313,677,1.4344650847254958,1.4344650847254958,1.061606896218146,152.28380263287335,152.28380263287335,-0.03381130637707837,0.03381130637707841,-5,5,308,682,False,True,True,0,0,308,682
2,2025-11-04 00:00:00,23h15,PAH,DPT,25.0,16.0,Ciências do Mar,2.0,,438,540,2.0,1.4344650847254958,1.0456395525912732,209.12791051825462,149.99334294001704,0.7189894998236095,-0.7189894998236094,150,-108,588,432,False,True,True,0,0,588,432
2,2025-11-10 00:00:00,20h15,PAH,Eng. Mecânica,18.0,16.0,Eng. Cívil,1.0,,1118,1049,1.4044959075600116,1.4044959075600116,1.011847940917809,142.1136292092087,142.1136292092087,0.3462614250257082,-0.34626142502570817,49,-49,1167,1000,False,True,True,0,0,1167,1000
2,2025-11-10 00:00:00,21h15,PAH,Gestão Comercial,22.0,14.0,Eng. Eletrónica e Telecomunicações,1.0,,1133,1097,1.4044959075600116,1.4044959075600116,1.0462355299946362,146.94335202213463,146.94335202213463,0.4178581189369962,-0.41785811893699615,61,-61,1194,1036,False,True,True,0,0,1194,1036
2,2025-11-10 00:00:00,22h15,PAH,Marketing,23.0,22.0,Eng. Computadores e Telemática,1.0,,1121,823,1.4044959075600116,1.4044959075600116,1.0044550707084894,141.07530361379753,141.07530361379753,0.06038772670847825,-0.060387726708478376,9,-9,1130,814,False,True,True,0,0,1130,814
2,2025-11-10 00:00:00,23h15,PAH,Eng. Física,20.0,25.0,Eng. Informática ,1.0,,727,897,2.0,1.4044959075600116,1.0225651825635729,204.51303651271456,143.6188614123894,-0.17282198303686044,0.17282198303686047,-35,25,692,922,False,True,True,0,0,692,922
1,2025-11-11 00:00:00,22h15,PAH,Edcucação Básica,13.0,24.0,DPT,2.0,,442,588,1.4344650847254958,1.4344650847254958,1.063228939498285,152.51647907800066,152.51647907800066,-0.20673661792729187,0.2067366179272918,-32,32,410,620,False,True,True,0,0,410,620
3,2025-11-24 00:00:00,20h15,PAH,Eng. e Gestão Industrial,26.0,22.0,Eng. de Materiais,1.0,,1329,845,2.0,1.4044959075600116,1.0168457240564814,203.36914481129628,142.81556580572249,0.011455035207427966,-0.011455035207427989,2,-2,1331,843,False,True,True,0,0,1331,843
3,2025-11-24 00:00:00,22h15,PAH,Eng. Biomédica,25.0,16.0,DPT,2.0,,682,620,1.2137926106053525,1.2137926106053525,1.0456395525912732,126.91895622919742,126.91895622919742,0.3609966304745663,-0.36099663047456637,46,-46,728,574,False,True,True,0,0,728,574
3,2025-11-24 00:00:00,23h15,PAH,Edcucação Básica,17.0,24.0,Ciências do Mar,2.0,,410,432,1.2137926106053525,1.2137926106053525,1.035085517211504,125.6379152135943,125.6379152135943,-0.449515741335684,0.44951574133568395,-56,56,354,488,False,True,True,0,0,354,488
3,2025-11-25 00:00:00,20h15,PAH,Biologia e Geologia,18.0,8.0,Biologia,2.0,,647,380,1.2137926106053525,1.2137926106053525,1.0844717711976986,131.6323822289865,131.6323822289865,0.07877120753847977,-0.07877120753847981,10,-10,657,370,False,False,True,0,0,657,370
3,2025-11-25 00:00:00,21h15,PAH,Administração Pública,13.0,10.0,MTC,2.0,,495,274,1.2137926106053525,1.2137926106053525,1.026583631304232,124.60596258454864,124.60596258454864,0.11552725507651196,-0.11552725507651201,14,-14,509,260,False,False,True,0,0,509,260
3,2025-11-25 00:00:00,22h15,PAH,Gestão,15.0,21.0,Matemática,2.0,,680,524,1.2137926106053525,1.2137926106053525,1.0342196941293802,125.53282224767695,125.53282224767695,-0.8079606562271449,0.807960656227145,-101,101,579,625,False,True,True,0,0,579,625
3,2025-11-25 00:00:00,23h15,PAH,Economia,26.0,22.0,Psicologia,2.0,,769,308,1.2137926106053525,1.2137926106053525,1.0168457240564814,123.42398259854065,123.42398259854065,0.014119658945893732,-0.014119658945893648,2,-2,771,306,False,True,True,0,0,771,306
3,2025-11-26 00:00:00,22h15,PAH,Eng. Eletrónica e Telecomunicações,32.0,27.0,Marketing,1.0,,1036,1130,1.1839533043097052,1.1839533043097052,1.0171350529519534,120.42404068716921,120.42404068716921,0.7038651771714404,-0.7038651771714404,85,-85,1121,1045,False,True,True,0,0,1121,1045
3,2025-11-26 00:00:00,23h15,PAH,Eng. Computadores e Telemática,30.0,22.0,Eng. Física,1.0,,814,692,1.1839533043097052,1.4044959075600116,1.0315014846402712,122.12495911402158,144.8739613819337,0.2453327399839037,-0.24533273998390362,30,-36,844,656,False,True,True,0,0,844,656
4,2025-12-09 00:00:00,20h15,PAH,Biologia,15.0,17.0,Edcucação Básica,2.0,,370,354,1.0,1.0,1.0125949711793618,101.25949711793618,101.25949711793618,-0.536774833611817,0.536774833611817,-54,54,316,408,False,True,True,0,0,316,408
4,2025-12-09 00:00:00,21h15,PAH,MTC,23.0,31.0,Biologia e Geologia,2.0,,260,657,1.0,1.0,1.0302992549766512,103.02992549766512,103.02992549766512,-0.025172580384131046,0.02517258038413095,-3,3,257,660,False,True,False,0,0,257,660
4,2025-12-09 00:00:00,22h15,PAH,Matemática,21.0,21.0,Administração Pública,2.0,,625,509,1.0,1.0,1.0,100.0,100.0,-0.2442924226402794,0.24429242264027945,-24,24,601,533,False,True,False,0,0,601,533
4,2025-12-09 00:00:00,23h15,PAH,Psicologia,23.0,26.0,Gestão,2.0,,306,579,1.0,1.0,1.01233569694586,101.233569694586,101.233569694586,-0.07485324459373914,0.07485324459373921,-8,8,298,587,False,True,True,0,0,298,587
4,2025-12-15 00:00:00,21h15,PAH,Marketing,30.0,25.0,Eng. Cívil,1.0,,1045,1000,1.0,1.1839533043097052,1.0183993761470242,101.83993761470242,120.57373064962117,0.3978419068252831,-0.39784190682528303,41,-48,1086,952,False,True,True,0,0,1086,952
4,2025-12-15 00:00:00,22h15,PAH,Eng. Física,16.0,19.0,Eng. Eletrónica e Telecomunicações,1.0,,656,1121,1.1839533043097052,1.0,1.017333537754854,120.44754036099417,101.7333537754854,-0.013615891028782062,0.013615891028781912,-2,1,654,1122,False,True,True,0,0,654,1122
4,2025-12-15 00:00:00,23h15,PAH,Eng. Informática ,19.0,18.0,Eng. Computadores e Telemática,1.0,,922,844,1.1839533043097052,1.0,1.0054213648268824,119.0371947110361,100.54213648268824,0.32774396816393214,-0.32774396816393214,39,-33,961,811,False,True,True,0,0,961,811
3,2025-12-18 00:00:00,20h00,PAH,Eng. Cívil,12.0,18.0,Gestão Comercial,1.0,,952,1194,1.0,1.1839533043097052,1.0413797439924106,104.13797439924106,123.29449889410094,-0.09718490446800851,0.09718490446800854,-10,12,942,1206,False,True,True,0,0,942,1206
4,,,PAH,DPT,21.0,25.0,Economia,2.0,,574,771,1.0,1.0,1.0175882214608742,101.75882214608743,101.75882214608743,-0.1401027223029501,0.14010272230295007,-14,14,560,785,False,True,True,0,0,560,785
5,,,,Eng. Eletrónica e Telecomunicações,23.0,26.0,Eng. Informática ,1.0,,1122,961,1.0,1.0,1.01233569694586,101.233569694586,101.233569694586,-0.8150049019052297,0.8150049019052297,-83,83,1039,1044,False,True,True,0,0,1039,1044
5,,,,Eng. e Gestão Industrial,22.0,27.0,Gestão Comercial,1.0,,1331,1206,1.4044959075600116,1.0,1.02069058391985,143.35557480004678,102.069058391985,-0.7597469266479578,0.759746926647958,-109,78,1222,1284,False,True,True,0,0,1222,1284
5,,,,Eng. Cívil,21.0,13.0,Eng. Física,1.0,,942,654,1.0,1.0,1.0491258651144277,104.91258651144277,104.91258651144277,0.06583029185676048,-0.06583029185676036,7,-7,949,647,False,True,True,0,0,949,647
5,,,,Eng. de Materiais,16.0,31.0,Eng. Mecânica,1.0,,843,1167,1.1839533043097052,1.1839533043097052,1.0683761172222142,126.49074342308134,126.49074342308134,-0.0481470687239387,0.0481470687239387,-6,6,837,1173,False,True,True,0,0,837,1173
5,,,,Biologia e Geologia,25.0,22.0,Matemática,2.0,,660,601,1.0,1.0,1.0128653932829546,101.28653932829546,101.28653932829546,0.36739466746852056,-0.36739466746852056,37,-37,697,564,False,False,True,0,0,697,564
5,,,,Economia,28.0,19.0,Ciências do Mar,2.0,,785,488,1.0,1.0,1.0395381761149516,103.95381761149515,103.95381761149515,0.060912451976446236,-0.0609124519764462,6,-6,791,482,False,True,True,0,0,791,482
5,,,,Edcucação Básica,12.0,14.0,Eng. Biomédica,2.0,,408,728,1.0,1.0,1.0155344930023524,101.55344930023524,101.55344930023524,-0.0498638537789762,0.049863853778976175,-5,5,403,733,False,True,True,0,0,403,733
6,,,,Gestão Comercial,26.0,24.0,Eng. de Materiais,1.0,,1284,837,1.0,1.0,1.0080363905839886,100.80363905839886,100.80363905839886,0.016031755568949868,-0.016031755568949826,2,-2,1286,835,False,True,True,0,0,1286,835
6,,,,Ciências do Mar,24.0,18.0,Gestão,2.0,,482,587,1.0,1.0,1.0291860089647606,102.91860089647606,102.91860089647606,0.724538242842536,-0.7245382428425361,75,-75,557,512,False,True,True,0,0,557,512
6,,,,DPT,19.0,29.0,Administração Pública,2.0,,560,533,1.0,1.0,1.0431924607079193,104.31924607079193,104.31924607079193,-0.5618513778857278,0.5618513778857277,-59,59,501,592,False,True,False,0,0,501,592
6,,,,Eng. Biomédica,0.0,15.0,Economia,2.0,,733,791,1.0,1.0,1.405115826483646,140.5115826483646,140.5115826483646,-0.36953789879560306,0.36953789879560306,-52,52,681,843,False,True,True,0,0,681,843
6,,,,MTC,24.0,19.0,Edcucação Básica,2.0,,257,403,1.0,1.0,1.0236365020371037,102.36365020371036,102.36365020371036,0.7932633820727082,-0.7932633820727082,81,-81,338,322,False,True,True,0,0,338,322
6,,,,Matemática,26.0,13.0,Biologia,2.0,,564,316,1.0,1.0,1.0717734625362931,107.17734625362931,107.17734625362931,0.09244297679995928,-0.09244297679995919,10,-10,574,306,False,True,True,0,0,574,306
6,,,,Psicologia,13.0,31.0,Biologia e Geologia,2.0,,298,697,1.0,1.0,1.0907917238188076,109.07917238188077,109.07917238188077,-0.02472448871287476,0.024724488712874693,-3,3,295,700,False,True,False,0,0,295,700
