Matemática,Eng. Biomédica,Eng. Civil,Fisioterapia,Eng. e Gestão Industrial,Eng. Mecânica,Eng. Eletrónica e Telecomunicações,Ciências Biomédicas,Eng. Informática,Contabilidade,Educação Básica,Eng. de Materiais,Biologia,Música,Economia
810,721,1106,963,795,744,583,750,720,605,677,923,750,750,471
891,850,1119,1051,782,663,703,897,720,485,677,835,767,700,454
916,1015,1119,1056,790,658,678,877,720,485,677,737,683,612,446
941,1020,1136,1058,862,618,627,880,720,483,677,746,641,609,436
943,1028,1021,1073,847,705,765,743,720,544,677,797,633,581,433
969,1039,955,967,708,719,801,769,720,660,677,771,631,549,421
1050,1048,963,986,700,754,832,753,720,675,677,725,596,522,406
1096,1093,978,987,790,739,749,743,720,691,677,638,596,513,405
1098,1093,979,941,799,775,741,728,720,718,677,634,596,513,404
