team,scenario_key,stage_game1,opponent_game1,p_win_game1,p_draw_game1,p_loss_game1,stage_game2,opponent_game2,p_win_game2,p_draw_game2,p_loss_game2,p_cenario,p_passa_cenario_cond
Administração Pública,LM2:Contabilidade|LM3:Eng. Aeroespacial,LM2,Contabilidade,48.1229,0.0000,51.8771,LM3,Eng. Aeroespacial,45.3925,0.0000,54.6075,2.9300,35.4949
Administração Pública,LM2:Eng. Civil|LM3:Eng. Aeroespacial,LM2,Eng. Civil,39.0845,0.0000,60.9155,LM3,Eng. Aeroespacial,44.0141,0.0000,55.9859,2.8400,31.6901
Administração Pública,LM2:Línguas e Relações Empresariais|LM3:Tecnologias de Informação,LM2,Línguas e Relações Empresariais,44.6097,0.0000,55.3903,LM3,Tecnologias de Informação,46.0967,0.0000,53.9033,2.6900,35.6877
Administração Pública,LM2:Eng. Civil|LM3:Tecnologias de Informação,LM2,Eng. Civil,49.6212,0.0000,50.3788,LM3,Tecnologias de Informação,44.6970,0.0000,55.3030,2.6400,37.1212
Administração Pública,LM2:Línguas e Relações Empresariais|LM3:Eng. Aeroespacial,LM2,Línguas e Relações Empresariais,43.9216,0.0000,56.0784,LM3,Eng. Aeroespacial,43.1373,0.0000,56.8627,2.5500,31.7647
Administração Pública,LM2:Contabilidade|LM3:Tecnologias de Informação,LM2,Contabilidade,51.6807,0.0000,48.3193,LM3,Tecnologias de Informação,43.6975,0.0000,56.3025,2.3800,33.1933
Administração Pública,LM2:Línguas e Relações Empresariais|LM3:Biotecnologia,LM2,Línguas e Relações Empresariais,42.6606,0.0000,57.3394,LM3,Biotecnologia,43.1193,0.0000,56.8807,2.1800,33.0275
Administração Pública,LM2:Línguas e Relações Empresariais|LM3:Matemática,LM2,Línguas e Relações Empresariais,45.6410,0.0000,54.3590,LM3,Matemática,41.0256,0.0000,58.9744,1.9500,28.7179
Administração Pública,LM2:Eng. Civil|LM3:Biotecnologia,LM2,Eng. Civil,50.2564,0.0000,49.7436,LM3,Biotecnologia,46.1538,0.0000,53.8462,1.9500,35.8974
Administração Pública,LM2:Contabilidade|LM3:Biotecnologia,LM2,Contabilidade,47.4227,0.0000,52.5773,LM3,Biotecnologia,50.5155,0.0000,49.4845,1.9400,37.6289
Administração Pública,LM2:Contabilidade|LM3:Matemática,LM2,Contabilidade,50.8571,0.0000,49.1429,LM3,Matemática,50.2857,0.0000,49.7143,1.7500,37.7143
Administração Pública,LM2:Eng. Civil|LM3:Eng. Informática,LM2,Eng. Civil,45.3947,0.0000,54.6053,LM3,Eng. Informática,48.6842,0.0000,51.3158,1.5200,38.8158
Administração Pública,LM2:Contabilidade|LM3:Eng. Informática,LM2,Contabilidade,43.6242,0.0000,56.3758,LM3,Eng. Informática,49.6644,0.0000,50.3356,1.4900,36.2416
Administração Pública,LM2:Eng. Civil|LM3:Matemática,LM2,Eng. Civil,50.0000,0.0000,50.0000,LM3,Matemática,47.2603,0.0000,52.7397,1.4600,36.9863
Administração Pública,LM2:Línguas e Relações Empresariais|LM3:Eng. Informática,LM2,Línguas e Relações Empresariais,46.0993,0.0000,53.9007,LM3,Eng. Informática,42.5532,0.0000,57.4468,1.4100,32.6241
Administração Pública,LM2:Gestão e Planeamento em Turismo|LM3:Eng. Aeroespacial,LM2,Gestão e Planeamento em Turismo,43.3824,0.0000,56.6176,LM3,Eng. Aeroespacial,41.9118,0.0000,58.0882,1.3600,33.8235
Administração Pública,LM2:Gestão e Planeamento em Turismo|LM3:Tecnologias de Informação,LM2,Gestão e Planeamento em Turismo,41.0853,0.0000,58.9147,LM3,Tecnologias de Informação,39.5349,0.0000,60.4651,1.2900,28.6822
Administração Pública,LM2:Gestão e Planeamento em Turismo|LM3:Matemática,LM2,Gestão e Planeamento em Turismo,50.0000,0.0000,50.0000,LM3,Matemática,38.4615,0.0000,61.5385,1.0400,30.7692
Administração Pública,LM2:Gestão e Planeamento em Turismo|LM3:Biotecnologia,LM2,Gestão e Planeamento em Turismo,52.9412,0.0000,47.0588,LM3,Biotecnologia,42.1569,0.0000,57.8431,1.0200,35.2941
Administração Pública,LM2:Eng. Civil|LM3:MTC,LM2,Eng. Civil,38.2022,0.0000,61.7978,LM3,MTC,41.5730,0.0000,58.4270,0.8900,28.0899
Administração Pública,LM2:Contabilidade|LM3:MTC,LM2,Contabilidade,48.6111,0.0000,51.3889,LM3,MTC,47.2222,0.0000,52.7778,0.7200,30.5556
Administração Pública,LM2:Línguas e Relações Empresariais|LM3:MTC,LM2,Línguas e Relações Empresariais,47.8261,0.0000,52.1739,LM3,MTC,43.4783,0.0000,56.5217,0.6900,34.7826
Administração Pública,LM2:Gestão e Planeamento em Turismo|LM3:Eng. Informática,LM2,Gestão e Planeamento em Turismo,52.9412,0.0000,47.0588,LM3,Eng. Informática,42.6471,0.0000,57.3529,0.6800,32.3529
Administração Pública,LM2:Contabilidade|LM3:Biologia,LM2,Contabilidade,47.7612,0.0000,52.2388,LM3,Biologia,53.7313,0.0000,46.2687,0.6700,43.2836
Administração Pública,LM2:Design|LM3:Eng. Aeroespacial,LM2,Design,50.7463,0.0000,49.2537,LM3,Eng. Aeroespacial,49.2537,0.0000,50.7463,0.6700,37.3134
Administração Pública,LM2:Design|LM3:Tecnologias de Informação,LM2,Design,55.0000,0.0000,45.0000,LM3,Tecnologias de Informação,38.3333,0.0000,61.6667,0.6000,31.6667
Administração Pública,LM2:Design|LM3:Biotecnologia,LM2,Design,49.0566,0.0000,50.9434,LM3,Biotecnologia,43.3962,0.0000,56.6038,0.5300,30.1887
Administração Pública,LM2:Eng. Civil|LM3:Biologia,LM2,Eng. Civil,52.8302,0.0000,47.1698,LM3,Biologia,35.8491,0.0000,64.1509,0.5300,22.6415
Administração Pública,LM2:Línguas e Relações Empresariais|LM3:Biologia,LM2,Línguas e Relações Empresariais,49.0196,0.0000,50.9804,LM3,Biologia,62.7451,0.0000,37.2549,0.5100,52.9412
Administração Pública,LM2:Gestão e Planeamento em Turismo|LM3:MTC,LM2,Gestão e Planeamento em Turismo,42.1053,0.0000,57.8947,LM3,MTC,42.1053,0.0000,57.8947,0.3800,36.8421
Administração Pública,LM2:Design|LM3:Matemática,LM2,Design,51.5152,0.0000,48.4848,LM3,Matemática,48.4848,0.0000,51.5152,0.3300,30.3030
Administração Pública,LM2:Gestão e Planeamento em Turismo|LM3:Biologia,LM2,Gestão e Planeamento em Turismo,50.0000,0.0000,50.0000,LM3,Biologia,42.8571,0.0000,57.1429,0.2800,35.7143
Administração Pública,LM2:Design|LM3:Eng. Informática,LM2,Design,42.3077,0.0000,57.6923,LM3,Eng. Informática,34.6154,0.0000,65.3846,0.2600,26.9231
Administração Pública,LM2:Design|LM3:Biologia,LM2,Design,37.5000,0.0000,62.5000,LM3,Biologia,37.5000,0.0000,62.5000,0.1600,25.0000
Administração Pública,LM2:Design|LM3:MTC,LM2,Design,50.0000,0.0000,50.0000,LM3,MTC,50.0000,0.0000,50.0000,0.0800,37.5000
Administração Pública,LM2:Biologia e Geologia|LM3:Eng. Aeroespacial,LM2,Biologia e Geologia,25.0000,0.0000,75.0000,LM3,Eng. Aeroespacial,100.0000,0.0000,0.0000,0.0400,50.0000
Administração Pública,LM2:Biologia e Geologia|LM3:Matemática,LM2,Biologia e Geologia,50.0000,0.0000,50.0000,LM3,Matemática,0.0000,0.0000,100.0000,0.0200,0.0000
Administração Pública,LM2:Biologia e Geologia|LM3:Biotecnologia,LM2,Biologia e Geologia,50.0000,0.0000,50.0000,LM3,Biotecnologia,50.0000,0.0000,50.0000,0.0200,50.0000
Administração Pública,LM2:Biologia e Geologia|LM3:Eng. Informática,LM2,Biologia e Geologia,50.0000,0.0000,50.0000,LM3,Eng. Informática,0.0000,0.0000,100.0000,0.0200,0.0000
Administração Pública,LM2:Biologia e Geologia|LM3:Tecnologias de Informação,LM2,Biologia e Geologia,50.0000,0.0000,50.0000,LM3,Tecnologias de Informação,50.0000,0.0000,50.0000,0.0200,0.0000
Administração Pública,LM2:Biologia e Geologia|LM3:MTC,LM2,Biologia e Geologia,0.0000,0.0000,100.0000,LM3,MTC,0.0000,0.0000,100.0000,0.0100,0.0000
Biologia,LM1:Contabilidade|LM3:Administração Pública,LM1,Contabilidade,55.2239,0.0000,44.7761,LM3,Administração Pública,46.2687,0.0000,53.7313,0.6700,19.4030
Biologia,LM1:Eng. Civil|LM3:Administração Pública,LM1,Eng. Civil,49.0566,0.0000,50.9434,LM3,Administração Pública,64.1509,0.0000,35.8491,0.5300,37.7358
Biologia,LM1:Línguas e Relações Empresariais|LM3:Administração Pública,LM1,Línguas e Relações Empresariais,68.6275,0.0000,31.3725,LM3,Administração Pública,37.2549,0.0000,62.7451,0.5100,27.4510
Biologia,LM1:Eng. Civil|LM3:Eng. Biomédica,LM1,Eng. Civil,51.2821,0.0000,48.7179,LM3,Eng. Biomédica,61.5385,0.0000,38.4615,0.3900,48.7179
Biologia,LM1:Línguas e Relações Empresariais|LM3:Eng. Biomédica,LM1,Línguas e Relações Empresariais,40.6250,0.0000,59.3750,LM3,Eng. Biomédica,78.1250,0.0000,21.8750,0.3200,37.5000
Biologia,LM1:Contabilidade|LM3:Eng. Biomédica,LM1,Contabilidade,38.7097,0.0000,61.2903,LM3,Eng. Biomédica,64.5161,0.0000,35.4839,0.3100,35.4839
Biologia,LM1:Gestão e Planeamento em Turismo|LM3:Administração Pública,LM1,Gestão e Planeamento em Turismo,64.2857,0.0000,35.7143,LM3,Administração Pública,57.1429,0.0000,42.8571,0.2800,39.2857
Biologia,LM1:Línguas e Relações Empresariais|LM3:Eng. Computacional,LM1,Línguas e Relações Empresariais,70.3704,0.0000,29.6296,LM3,Eng. Computacional,51.8519,0.0000,48.1481,0.2700,66.6667
Biologia,LM1:Eng. Civil|LM3:Eng. Computacional,LM1,Eng. Civil,54.1667,0.0000,45.8333,LM3,Eng. Computacional,29.1667,0.0000,70.8333,0.2400,41.6667
Biologia,LM1:Contabilidade|LM3:Eng. Computacional,LM1,Contabilidade,52.1739,0.0000,47.8261,LM3,Eng. Computacional,69.5652,0.0000,30.4348,0.2300,43.4783
Biologia,LM1:Gestão e Planeamento em Turismo|LM3:Eng. Biomédica,LM1,Gestão e Planeamento em Turismo,40.9091,0.0000,59.0909,LM3,Eng. Biomédica,45.4545,0.0000,54.5455,0.2200,31.8182
Biologia,LM1:Design|LM3:Administração Pública,LM1,Design,68.7500,0.0000,31.2500,LM3,Administração Pública,62.5000,0.0000,37.5000,0.1600,43.7500
Biologia,LM1:Gestão e Planeamento em Turismo|LM3:Eng. Computacional,LM1,Gestão e Planeamento em Turismo,54.5455,0.0000,45.4545,LM3,Eng. Computacional,63.6364,0.0000,36.3636,0.1100,45.4545
Biologia,LM1:Eng. Civil|LM3:Eng. Física,LM1,Eng. Civil,66.6667,0.0000,33.3333,LM3,Eng. Física,44.4444,0.0000,55.5556,0.0900,44.4444
Biologia,LM1:Contabilidade|LM3:Eng. Física,LM1,Contabilidade,71.4286,0.0000,28.5714,LM3,Eng. Física,28.5714,0.0000,71.4286,0.0700,14.2857
Biologia,LM1:Design|LM3:Eng. Biomédica,LM1,Design,16.6667,0.0000,83.3333,LM3,Eng. Biomédica,50.0000,0.0000,50.0000,0.0600,16.6667
Biologia,LM1:Línguas e Relações Empresariais|LM3:Eng. Física,LM1,Línguas e Relações Empresariais,40.0000,0.0000,60.0000,LM3,Eng. Física,20.0000,0.0000,80.0000,0.0500,20.0000
Biologia,LM1:Design|LM3:Eng. Computacional,LM1,Design,20.0000,0.0000,80.0000,LM3,Eng. Computacional,80.0000,0.0000,20.0000,0.0500,20.0000
Biologia,LM1:Contabilidade|LM3:Gestão,LM1,Contabilidade,50.0000,0.0000,50.0000,LM3,Gestão,100.0000,0.0000,0.0000,0.0400,50.0000
Biologia,LM1:Eng. Civil|LM3:Gestão,LM1,Eng. Civil,25.0000,0.0000,75.0000,LM3,Gestão,50.0000,0.0000,50.0000,0.0400,25.0000
Biologia,LM1:Design|LM3:Eng. Física,LM1,Design,33.3333,0.0000,66.6667,LM3,Eng. Física,66.6667,0.0000,33.3333,0.0300,33.3333
Biologia,LM1:Línguas e Relações Empresariais|LM3:Gestão,LM1,Línguas e Relações Empresariais,66.6667,0.0000,33.3333,LM3,Gestão,66.6667,0.0000,33.3333,0.0300,33.3333
Biologia,LM1:Design|LM3:Gestão,LM1,Design,0.0000,0.0000,100.0000,LM3,Gestão,100.0000,0.0000,0.0000,0.0200,0.0000
Biologia,LM1:Biologia e Geologia|LM3:Eng. Biomédica,LM1,Biologia e Geologia,100.0000,0.0000,0.0000,LM3,Eng. Biomédica,0.0000,0.0000,100.0000,0.0100,100.0000
Biologia,LM1:Gestão e Planeamento em Turismo|LM3:Eng. Física,LM1,Gestão e Planeamento em Turismo,100.0000,0.0000,0.0000,LM3,Eng. Física,100.0000,0.0000,0.0000,0.0100,100.0000
Biologia e Geologia,LM1:Eng. Aeroespacial|LM2:Administração Pública,LM1,Eng. Aeroespacial,50.0000,0.0000,50.0000,LM2,Administração Pública,75.0000,0.0000,25.0000,0.0400,50.0000
Biologia e Geologia,LM1:Eng. Informática|LM2:Eng. Biomédica,LM1,Eng. Informática,33.3333,0.0000,66.6667,LM2,Eng. Biomédica,33.3333,0.0000,66.6667,0.0300,0.0000
Biologia e Geologia,LM1:Matemática|LM2:Administração Pública,LM1,Matemática,0.0000,0.0000,100.0000,LM2,Administração Pública,50.0000,0.0000,50.0000,0.0200,0.0000
Biologia e Geologia,LM1:Biotecnologia|LM2:Administração Pública,LM1,Biotecnologia,0.0000,0.0000,100.0000,LM2,Administração Pública,50.0000,0.0000,50.0000,0.0200,0.0000
Biologia e Geologia,LM1:Eng. Informática|LM2:Administração Pública,LM1,Eng. Informática,50.0000,0.0000,50.0000,LM2,Administração Pública,50.0000,0.0000,50.0000,0.0200,0.0000
Biologia e Geologia,LM1:Biotecnologia|LM2:Eng. Biomédica,LM1,Biotecnologia,0.0000,0.0000,100.0000,LM2,Eng. Biomédica,100.0000,0.0000,0.0000,0.0200,50.0000
Biologia e Geologia,LM1:Biotecnologia|LM2:Eng. Computacional,LM1,Biotecnologia,50.0000,0.0000,50.0000,LM2,Eng. Computacional,50.0000,0.0000,50.0000,0.0200,50.0000
Biologia e Geologia,LM1:Tecnologias de Informação|LM2:Administração Pública,LM1,Tecnologias de Informação,50.0000,0.0000,50.0000,LM2,Administração Pública,50.0000,0.0000,50.0000,0.0200,50.0000
Biologia e Geologia,LM1:Biologia|LM2:Eng. Biomédica,LM1,Biologia,0.0000,0.0000,100.0000,LM2,Eng. Biomédica,100.0000,0.0000,0.0000,0.0100,0.0000
Biologia e Geologia,LM1:Tecnologias de Informação|LM2:Eng. Biomédica,LM1,Tecnologias de Informação,0.0000,0.0000,100.0000,LM2,Eng. Biomédica,100.0000,0.0000,0.0000,0.0100,0.0000
Biologia e Geologia,LM1:Eng. Informática|LM2:Eng. Computacional,LM1,Eng. Informática,100.0000,0.0000,0.0000,LM2,Eng. Computacional,100.0000,0.0000,0.0000,0.0100,100.0000
Biologia e Geologia,LM1:MTC|LM2:Eng. Biomédica,LM1,MTC,100.0000,0.0000,0.0000,LM2,Eng. Biomédica,100.0000,0.0000,0.0000,0.0100,100.0000
Biologia e Geologia,LM1:MTC|LM2:Administração Pública,LM1,MTC,0.0000,0.0000,100.0000,LM2,Administração Pública,100.0000,0.0000,0.0000,0.0100,0.0000
Biologia e Geologia,LM1:Eng. Informática|LM2:Eng. Física,LM1,Eng. Informática,0.0000,0.0000,100.0000,LM2,Eng. Física,100.0000,0.0000,0.0000,0.0100,100.0000
Biologia e Geologia,LM1:Tecnologias de Informação|LM2:Eng. Computacional,LM1,Tecnologias de Informação,0.0000,0.0000,100.0000,LM2,Eng. Computacional,0.0000,0.0000,100.0000,0.0100,0.0000
Biologia e Geologia,LM1:Matemática|LM2:Eng. Computacional,LM1,Matemática,100.0000,0.0000,0.0000,LM2,Eng. Computacional,0.0000,0.0000,100.0000,0.0100,0.0000
Biologia e Geologia,LM1:Eng. Aeroespacial|LM2:Eng. Física,LM1,Eng. Aeroespacial,0.0000,0.0000,100.0000,LM2,Eng. Física,100.0000,0.0000,0.0000,0.0100,100.0000
Biologia e Geologia,LM1:Biotecnologia|LM2:Eng. Física,LM1,Biotecnologia,100.0000,0.0000,0.0000,LM2,Eng. Física,100.0000,0.0000,0.0000,0.0100,100.0000
Biologia e Geologia,LM1:MTC|LM2:Eng. Computacional,LM1,MTC,0.0000,0.0000,100.0000,LM2,Eng. Computacional,0.0000,0.0000,100.0000,0.0100,0.0000
Biotecnologia,LM1:Línguas e Relações Empresariais|LM3:Administração Pública,LM1,Línguas e Relações Empresariais,56.8807,0.0000,43.1193,LM3,Administração Pública,56.8807,0.0000,43.1193,2.1800,31.1927
Biotecnologia,LM1:Eng. Civil|LM3:Administração Pública,LM1,Eng. Civil,50.2564,0.0000,49.7436,LM3,Administração Pública,53.8462,0.0000,46.1538,1.9500,26.6667
Biotecnologia,LM1:Contabilidade|LM3:Administração Pública,LM1,Contabilidade,51.0309,0.0000,48.9691,LM3,Administração Pública,49.4845,0.0000,50.5155,1.9400,25.7732
Biotecnologia,LM1:Línguas e Relações Empresariais|LM3:Eng. Biomédica,LM1,Línguas e Relações Empresariais,55.7823,0.0000,44.2177,LM3,Eng. Biomédica,55.7823,0.0000,44.2177,1.4700,44.8980
Biotecnologia,LM1:Contabilidade|LM3:Eng. Biomédica,LM1,Contabilidade,51.9084,0.0000,48.0916,LM3,Eng. Biomédica,57.2519,0.0000,42.7481,1.3100,42.7481
Biotecnologia,LM1:Eng. Civil|LM3:Eng. Biomédica,LM1,Eng. Civil,64.4860,0.0000,35.5140,LM3,Eng. Biomédica,54.2056,0.0000,45.7944,1.0700,48.5981
Biotecnologia,LM1:Gestão e Planeamento em Turismo|LM3:Administração Pública,LM1,Gestão e Planeamento em Turismo,59.8039,0.0000,40.1961,LM3,Administração Pública,57.8431,0.0000,42.1569,1.0200,36.2745
Biotecnologia,LM1:Eng. Civil|LM3:Eng. Computacional,LM1,Eng. Civil,50.6329,0.0000,49.3671,LM3,Eng. Computacional,50.6329,0.0000,49.3671,0.7900,41.7722
Biotecnologia,LM1:Contabilidade|LM3:Eng. Computacional,LM1,Contabilidade,55.7143,0.0000,44.2857,LM3,Eng. Computacional,48.5714,0.0000,51.4286,0.7000,44.2857
Biotecnologia,LM1:Línguas e Relações Empresariais|LM3:Eng. Computacional,LM1,Línguas e Relações Empresariais,46.1538,0.0000,53.8462,LM3,Eng. Computacional,55.3846,0.0000,44.6154,0.6500,41.5385
Biotecnologia,LM1:Gestão e Planeamento em Turismo|LM3:Eng. Biomédica,LM1,Gestão e Planeamento em Turismo,59.3750,0.0000,40.6250,LM3,Eng. Biomédica,56.2500,0.0000,43.7500,0.6400,53.1250
Biotecnologia,LM1:Eng. Civil|LM3:Eng. Física,LM1,Eng. Civil,49.0909,0.0000,50.9091,LM3,Eng. Física,47.2727,0.0000,52.7273,0.5500,38.1818
Biotecnologia,LM1:Design|LM3:Administração Pública,LM1,Design,49.0566,0.0000,50.9434,LM3,Administração Pública,56.6038,0.0000,43.3962,0.5300,32.0755
Biotecnologia,LM1:Línguas e Relações Empresariais|LM3:Eng. Física,LM1,Línguas e Relações Empresariais,60.8696,0.0000,39.1304,LM3,Eng. Física,54.3478,0.0000,45.6522,0.4600,50.0000
Biotecnologia,LM1:Gestão e Planeamento em Turismo|LM3:Eng. Computacional,LM1,Gestão e Planeamento em Turismo,43.2432,0.0000,56.7568,LM3,Eng. Computacional,51.3514,0.0000,48.6486,0.3700,32.4324
Biotecnologia,LM1:Contabilidade|LM3:Eng. Física,LM1,Contabilidade,54.8387,0.0000,45.1613,LM3,Eng. Física,54.8387,0.0000,45.1613,0.3100,51.6129
Biotecnologia,LM1:Design|LM3:Eng. Biomédica,LM1,Design,58.0645,0.0000,41.9355,LM3,Eng. Biomédica,54.8387,0.0000,45.1613,0.3100,48.3871
Biotecnologia,LM1:Gestão e Planeamento em Turismo|LM3:Eng. Física,LM1,Gestão e Planeamento em Turismo,45.4545,0.0000,54.5455,LM3,Eng. Física,50.0000,0.0000,50.0000,0.2200,40.9091
Biotecnologia,LM1:Línguas e Relações Empresariais|LM3:Gestão,LM1,Línguas e Relações Empresariais,44.4444,0.0000,55.5556,LM3,Gestão,55.5556,0.0000,44.4444,0.1800,33.3333
Biotecnologia,LM1:Eng. Civil|LM3:Gestão,LM1,Eng. Civil,52.9412,0.0000,47.0588,LM3,Gestão,41.1765,0.0000,58.8235,0.1700,41.1765
Biotecnologia,LM1:Design|LM3:Eng. Computacional,LM1,Design,56.2500,0.0000,43.7500,LM3,Eng. Computacional,56.2500,0.0000,43.7500,0.1600,37.5000
Biotecnologia,LM1:Contabilidade|LM3:Gestão,LM1,Contabilidade,46.1538,0.0000,53.8462,LM3,Gestão,61.5385,0.0000,38.4615,0.1300,38.4615
Biotecnologia,LM1:Design|LM3:Eng. Física,LM1,Design,57.1429,0.0000,42.8571,LM3,Eng. Física,57.1429,0.0000,42.8571,0.0700,42.8571
Biotecnologia,LM1:Design|LM3:Gestão,LM1,Design,20.0000,0.0000,80.0000,LM3,Gestão,40.0000,0.0000,60.0000,0.0500,0.0000
Biotecnologia,LM1:Gestão e Planeamento em Turismo|LM3:Gestão,LM1,Gestão e Planeamento em Turismo,0.0000,0.0000,100.0000,LM3,Gestão,50.0000,0.0000,50.0000,0.0200,0.0000
Biotecnologia,LM1:Biologia e Geologia|LM3:Administração Pública,LM1,Biologia e Geologia,100.0000,0.0000,0.0000,LM3,Administração Pública,50.0000,0.0000,50.0000,0.0200,50.0000
Biotecnologia,LM1:Biologia e Geologia|LM3:Eng. Biomédica,LM1,Biologia e Geologia,100.0000,0.0000,0.0000,LM3,Eng. Biomédica,50.0000,0.0000,50.0000,0.0200,50.0000
Biotecnologia,LM1:Biologia e Geologia|LM3:Eng. Computacional,LM1,Biologia e Geologia,50.0000,0.0000,50.0000,LM3,Eng. Computacional,0.0000,0.0000,100.0000,0.0200,0.0000
Biotecnologia,LM1:Biologia e Geologia|LM3:Eng. Física,LM1,Biologia e Geologia,0.0000,0.0000,100.0000,LM3,Eng. Física,0.0000,0.0000,100.0000,0.0100,0.0000
Contabilidade,LM1:Eng. Aeroespacial|LM2:Administração Pública,LM1,Eng. Aeroespacial,43.0034,0.0000,56.9966,LM2,Administração Pública,51.8771,0.0000,48.1229,2.9300,22.8669
Contabilidade,LM1:Tecnologias de Informação|LM2:Administração Pública,LM1,Tecnologias de Informação,51.2605,0.0000,48.7395,LM2,Administração Pública,48.3193,0.0000,51.6807,2.3800,25.2101
Contabilidade,LM1:Biotecnologia|LM2:Administração Pública,LM1,Biotecnologia,48.9691,0.0000,51.0309,LM2,Administração Pública,52.5773,0.0000,47.4227,1.9400,36.5979
Contabilidade,LM1:Matemática|LM2:Administração Pública,LM1,Matemática,45.1429,0.0000,54.8571,LM2,Administração Pública,49.1429,0.0000,50.8571,1.7500,22.8571
Contabilidade,LM1:Eng. Aeroespacial|LM2:Eng. Biomédica,LM1,Eng. Aeroespacial,47.6471,0.0000,52.3529,LM2,Eng. Biomédica,63.5294,0.0000,36.4706,1.7000,44.7059
Contabilidade,LM1:Eng. Informática|LM2:Administração Pública,LM1,Eng. Informática,42.9530,0.0000,57.0470,LM2,Administração Pública,56.3758,0.0000,43.6242,1.4900,25.5034
Contabilidade,LM1:Matemática|LM2:Eng. Biomédica,LM1,Matemática,39.5522,0.0000,60.4478,LM2,Eng. Biomédica,54.4776,0.0000,45.5224,1.3400,35.0746
Contabilidade,LM1:Biotecnologia|LM2:Eng. Biomédica,LM1,Biotecnologia,48.0916,0.0000,51.9084,LM2,Eng. Biomédica,55.7252,0.0000,44.2748,1.3100,29.0076
Contabilidade,LM1:Tecnologias de Informação|LM2:Eng. Biomédica,LM1,Tecnologias de Informação,35.4331,0.0000,64.5669,LM2,Eng. Biomédica,66.1417,0.0000,33.8583,1.2700,43.3071
Contabilidade,LM1:Eng. Aeroespacial|LM2:Eng. Computacional,LM1,Eng. Aeroespacial,50.0000,0.0000,50.0000,LM2,Eng. Computacional,57.0175,0.0000,42.9825,1.1400,38.5965
Contabilidade,LM1:Eng. Informática|LM2:Eng. Biomédica,LM1,Eng. Informática,47.1264,0.0000,52.8736,LM2,Eng. Biomédica,66.6667,0.0000,33.3333,0.8700,42.5287
Contabilidade,LM1:Tecnologias de Informação|LM2:Eng. Computacional,LM1,Tecnologias de Informação,47.2973,0.0000,52.7027,LM2,Eng. Computacional,52.7027,0.0000,47.2973,0.7400,40.5405
Contabilidade,LM1:MTC|LM2:Administração Pública,LM1,MTC,47.2222,0.0000,52.7778,LM2,Administração Pública,51.3889,0.0000,48.6111,0.7200,27.7778
Contabilidade,LM1:Biotecnologia|LM2:Eng. Computacional,LM1,Biotecnologia,44.2857,0.0000,55.7143,LM2,Eng. Computacional,55.7143,0.0000,44.2857,0.7000,28.5714
Contabilidade,LM1:Biologia|LM2:Administração Pública,LM1,Biologia,44.7761,0.0000,55.2239,LM2,Administração Pública,52.2388,0.0000,47.7612,0.6700,37.3134
Contabilidade,LM1:Matemática|LM2:Eng. Computacional,LM1,Matemática,45.4545,0.0000,54.5455,LM2,Eng. Computacional,68.1818,0.0000,31.8182,0.6600,46.9697
Contabilidade,LM1:Eng. Informática|LM2:Eng. Computacional,LM1,Eng. Informática,50.8772,0.0000,49.1228,LM2,Eng. Computacional,50.8772,0.0000,49.1228,0.5700,43.8596
Contabilidade,LM1:Eng. Aeroespacial|LM2:Eng. Física,LM1,Eng. Aeroespacial,35.8491,0.0000,64.1509,LM2,Eng. Física,58.4906,0.0000,41.5094,0.5300,33.9623
Contabilidade,LM1:MTC|LM2:Eng. Biomédica,LM1,MTC,45.2830,0.0000,54.7170,LM2,Eng. Biomédica,62.2642,0.0000,37.7358,0.5300,35.8491
Contabilidade,LM1:Tecnologias de Informação|LM2:Eng. Física,LM1,Tecnologias de Informação,50.0000,0.0000,50.0000,LM2,Eng. Física,41.3043,0.0000,58.6957,0.4600,28.2609
Contabilidade,LM1:Matemática|LM2:Eng. Física,LM1,Matemática,46.5116,0.0000,53.4884,LM2,Eng. Física,53.4884,0.0000,46.5116,0.4300,39.5349
Contabilidade,LM1:Biotecnologia|LM2:Eng. Física,LM1,Biotecnologia,45.1613,0.0000,54.8387,LM2,Eng. Física,61.2903,0.0000,38.7097,0.3100,19.3548
Contabilidade,LM1:Biologia|LM2:Eng. Biomédica,LM1,Biologia,61.2903,0.0000,38.7097,LM2,Eng. Biomédica,38.7097,0.0000,61.2903,0.3100,22.5806
Contabilidade,LM1:Eng. Informática|LM2:Eng. Física,LM1,Eng. Informática,33.3333,0.0000,66.6667,LM2,Eng. Física,46.6667,0.0000,53.3333,0.3000,36.6667
Contabilidade,LM1:Biologia|LM2:Eng. Computacional,LM1,Biologia,47.8261,0.0000,52.1739,LM2,Eng. Computacional,47.8261,0.0000,52.1739,0.2300,34.7826
Contabilidade,LM1:MTC|LM2:Eng. Computacional,LM1,MTC,54.5455,0.0000,45.4545,LM2,Eng. Computacional,90.9091,0.0000,9.0909,0.2200,72.7273
Contabilidade,LM1:Tecnologias de Informação|LM2:Gestão,LM1,Tecnologias de Informação,35.0000,0.0000,65.0000,LM2,Gestão,50.0000,0.0000,50.0000,0.2000,30.0000
Contabilidade,LM1:Eng. Aeroespacial|LM2:Gestão,LM1,Eng. Aeroespacial,52.6316,0.0000,47.3684,LM2,Gestão,52.6316,0.0000,47.3684,0.1900,36.8421
Contabilidade,LM1:MTC|LM2:Eng. Física,LM1,MTC,61.1111,0.0000,38.8889,LM2,Eng. Física,38.8889,0.0000,61.1111,0.1800,33.3333
Contabilidade,LM1:Biotecnologia|LM2:Gestão,LM1,Biotecnologia,53.8462,0.0000,46.1538,LM2,Gestão,38.4615,0.0000,61.5385,0.1300,15.3846
Contabilidade,LM1:Matemática|LM2:Gestão,LM1,Matemática,44.4444,0.0000,55.5556,LM2,Gestão,66.6667,0.0000,33.3333,0.0900,55.5556
Contabilidade,LM1:Biologia|LM2:Eng. Física,LM1,Biologia,28.5714,0.0000,71.4286,LM2,Eng. Física,28.5714,0.0000,71.4286,0.0700,14.2857
Contabilidade,LM1:Eng. Informática|LM2:Gestão,LM1,Eng. Informática,66.6667,0.0000,33.3333,LM2,Gestão,33.3333,0.0000,66.6667,0.0600,33.3333
Contabilidade,LM1:Biologia|LM2:Gestão,LM1,Biologia,50.0000,0.0000,50.0000,LM2,Gestão,50.0000,0.0000,50.0000,0.0400,50.0000
Contabilidade,LM1:MTC|LM2:Gestão,LM1,MTC,66.6667,0.0000,33.3333,LM2,Gestão,66.6667,0.0000,33.3333,0.0300,66.6667
Design,LM1:Eng. Aeroespacial|LM2:Administração Pública,LM1,Eng. Aeroespacial,49.2537,0.0000,50.7463,LM2,Administração Pública,49.2537,0.0000,50.7463,0.6700,23.8806
Design,LM1:Tecnologias de Informação|LM2:Administração Pública,LM1,Tecnologias de Informação,43.3333,0.0000,56.6667,LM2,Administração Pública,45.0000,0.0000,55.0000,0.6000,21.6667
Design,LM1:Biotecnologia|LM2:Administração Pública,LM1,Biotecnologia,50.9434,0.0000,49.0566,LM2,Administração Pública,50.9434,0.0000,49.0566,0.5300,37.7358
Design,LM1:Tecnologias de Informação|LM2:Eng. Biomédica,LM1,Tecnologias de Informação,27.6596,0.0000,72.3404,LM2,Eng. Biomédica,51.0638,0.0000,48.9362,0.4700,29.7872
Design,LM1:Eng. Aeroespacial|LM2:Eng. Biomédica,LM1,Eng. Aeroespacial,30.5556,0.0000,69.4444,LM2,Eng. Biomédica,50.0000,0.0000,50.0000,0.3600,33.3333
Design,LM1:Matemática|LM2:Administração Pública,LM1,Matemática,57.5758,0.0000,42.4242,LM2,Administração Pública,48.4848,0.0000,51.5152,0.3300,30.3030
Design,LM1:Matemática|LM2:Eng. Biomédica,LM1,Matemática,38.7097,0.0000,61.2903,LM2,Eng. Biomédica,51.6129,0.0000,48.3871,0.3100,29.0323
Design,LM1:Biotecnologia|LM2:Eng. Biomédica,LM1,Biotecnologia,41.9355,0.0000,58.0645,LM2,Eng. Biomédica,61.2903,0.0000,38.7097,0.3100,22.5806
Design,LM1:Eng. Informática|LM2:Administração Pública,LM1,Eng. Informática,38.4615,0.0000,61.5385,LM2,Administração Pública,57.6923,0.0000,42.3077,0.2600,30.7692
Design,LM1:Tecnologias de Informação|LM2:Eng. Computacional,LM1,Tecnologias de Informação,38.0952,0.0000,61.9048,LM2,Eng. Computacional,71.4286,0.0000,28.5714,0.2100,52.3810
Design,LM1:Eng. Aeroespacial|LM2:Eng. Computacional,LM1,Eng. Aeroespacial,52.6316,0.0000,47.3684,LM2,Eng. Computacional,63.1579,0.0000,36.8421,0.1900,42.1053
Design,LM1:Matemática|LM2:Eng. Computacional,LM1,Matemática,35.2941,0.0000,64.7059,LM2,Eng. Computacional,47.0588,0.0000,52.9412,0.1700,35.2941
Design,LM1:Biologia|LM2:Administração Pública,LM1,Biologia,31.2500,0.0000,68.7500,LM2,Administração Pública,62.5000,0.0000,37.5000,0.1600,31.2500
Design,LM1:Biotecnologia|LM2:Eng. Computacional,LM1,Biotecnologia,43.7500,0.0000,56.2500,LM2,Eng. Computacional,75.0000,0.0000,25.0000,0.1600,43.7500
Design,LM1:Eng. Informática|LM2:Eng. Biomédica,LM1,Eng. Informática,60.0000,0.0000,40.0000,LM2,Eng. Biomédica,46.6667,0.0000,53.3333,0.1500,20.0000
Design,LM1:Eng. Informática|LM2:Eng. Computacional,LM1,Eng. Informática,33.3333,0.0000,66.6667,LM2,Eng. Computacional,53.3333,0.0000,46.6667,0.1500,26.6667
Design,LM1:Tecnologias de Informação|LM2:Eng. Física,LM1,Tecnologias de Informação,58.3333,0.0000,41.6667,LM2,Eng. Física,16.6667,0.0000,83.3333,0.1200,16.6667
Design,LM1:Eng. Aeroespacial|LM2:Eng. Física,LM1,Eng. Aeroespacial,54.5455,0.0000,45.4545,LM2,Eng. Física,54.5455,0.0000,45.4545,0.1100,45.4545
Design,LM1:Matemática|LM2:Eng. Física,LM1,Matemática,55.5556,0.0000,44.4444,LM2,Eng. Física,66.6667,0.0000,33.3333,0.0900,55.5556
Design,LM1:MTC|LM2:Eng. Biomédica,LM1,MTC,0.0000,0.0000,100.0000,LM2,Eng. Biomédica,55.5556,0.0000,44.4444,0.0900,22.2222
Design,LM1:MTC|LM2:Administração Pública,LM1,MTC,62.5000,0.0000,37.5000,LM2,Administração Pública,50.0000,0.0000,50.0000,0.0800,25.0000
Design,LM1:Biotecnologia|LM2:Eng. Física,LM1,Biotecnologia,42.8571,0.0000,57.1429,LM2,Eng. Física,57.1429,0.0000,42.8571,0.0700,28.5714
Design,LM1:Biologia|LM2:Eng. Biomédica,LM1,Biologia,83.3333,0.0000,16.6667,LM2,Eng. Biomédica,66.6667,0.0000,33.3333,0.0600,50.0000
Design,LM1:MTC|LM2:Eng. Computacional,LM1,MTC,66.6667,0.0000,33.3333,LM2,Eng. Computacional,50.0000,0.0000,50.0000,0.0600,33.3333
Design,LM1:Tecnologias de Informação|LM2:Gestão,LM1,Tecnologias de Informação,33.3333,0.0000,66.6667,LM2,Gestão,50.0000,0.0000,50.0000,0.0600,0.0000
Design,LM1:Biotecnologia|LM2:Gestão,LM1,Biotecnologia,80.0000,0.0000,20.0000,LM2,Gestão,40.0000,0.0000,60.0000,0.0500,40.0000
Design,LM1:Eng. Informática|LM2:Eng. Física,LM1,Eng. Informática,40.0000,0.0000,60.0000,LM2,Eng. Física,80.0000,0.0000,20.0000,0.0500,60.0000
Design,LM1:Biologia|LM2:Eng. Computacional,LM1,Biologia,80.0000,0.0000,20.0000,LM2,Eng. Computacional,60.0000,0.0000,40.0000,0.0500,40.0000
Design,LM1:Matemática|LM2:Gestão,LM1,Matemática,25.0000,0.0000,75.0000,LM2,Gestão,25.0000,0.0000,75.0000,0.0400,25.0000
Design,LM1:Biologia|LM2:Eng. Física,LM1,Biologia,66.6667,0.0000,33.3333,LM2,Eng. Física,66.6667,0.0000,33.3333,0.0300,33.3333
Design,LM1:Eng. Aeroespacial|LM2:Gestão,LM1,Eng. Aeroespacial,50.0000,0.0000,50.0000,LM2,Gestão,50.0000,0.0000,50.0000,0.0200,50.0000
Design,LM1:Biologia|LM2:Gestão,LM1,Biologia,100.0000,0.0000,0.0000,LM2,Gestão,100.0000,0.0000,0.0000,0.0200,100.0000
Design,LM1:Eng. Informática|LM2:Gestão,LM1,Eng. Informática,0.0000,0.0000,100.0000,LM2,Gestão,100.0000,0.0000,0.0000,0.0100,0.0000
Eng. Aeroespacial,LM1:Contabilidade|LM3:Administração Pública,LM1,Contabilidade,56.9966,0.0000,43.0034,LM3,Administração Pública,54.6075,0.0000,45.3925,2.9300,41.6382
Eng. Aeroespacial,LM1:Eng. Civil|LM3:Administração Pública,LM1,Eng. Civil,50.3521,0.0000,49.6479,LM3,Administração Pública,55.9859,0.0000,44.0141,2.8400,25.3521
Eng. Aeroespacial,LM1:Línguas e Relações Empresariais|LM3:Administração Pública,LM1,Línguas e Relações Empresariais,54.5098,0.0000,45.4902,LM3,Administração Pública,56.8627,0.0000,43.1373,2.5500,29.8039
Eng. Aeroespacial,LM1:Línguas e Relações Empresariais|LM3:Eng. Biomédica,LM1,Línguas e Relações Empresariais,57.5269,0.0000,42.4731,LM3,Eng. Biomédica,55.9140,0.0000,44.0860,1.8600,44.0860
Eng. Aeroespacial,LM1:Contabilidade|LM3:Eng. Biomédica,LM1,Contabilidade,52.3529,0.0000,47.6471,LM3,Eng. Biomédica,57.0588,0.0000,42.9412,1.7000,32.3529
Eng. Aeroespacial,LM1:Eng. Civil|LM3:Eng. Biomédica,LM1,Eng. Civil,60.5263,0.0000,39.4737,LM3,Eng. Biomédica,54.6053,0.0000,45.3947,1.5200,50.6579
Eng. Aeroespacial,LM1:Gestão e Planeamento em Turismo|LM3:Administração Pública,LM1,Gestão e Planeamento em Turismo,61.7647,0.0000,38.2353,LM3,Administração Pública,58.0882,0.0000,41.9118,1.3600,33.8235
Eng. Aeroespacial,LM1:Contabilidade|LM3:Eng. Computacional,LM1,Contabilidade,50.0000,0.0000,50.0000,LM3,Eng. Computacional,57.8947,0.0000,42.1053,1.1400,28.9474
Eng. Aeroespacial,LM1:Gestão e Planeamento em Turismo|LM3:Eng. Biomédica,LM1,Gestão e Planeamento em Turismo,47.8261,0.0000,52.1739,LM3,Eng. Biomédica,65.2174,0.0000,34.7826,0.9200,40.2174
Eng. Aeroespacial,LM1:Línguas e Relações Empresariais|LM3:Eng. Computacional,LM1,Línguas e Relações Empresariais,54.7619,0.0000,45.2381,LM3,Eng. Computacional,50.0000,0.0000,50.0000,0.8400,42.8571
Eng. Aeroespacial,LM1:Eng. Civil|LM3:Eng. Computacional,LM1,Eng. Civil,60.2410,0.0000,39.7590,LM3,Eng. Computacional,54.2169,0.0000,45.7831,0.8300,50.6024
Eng. Aeroespacial,LM1:Design|LM3:Administração Pública,LM1,Design,50.7463,0.0000,49.2537,LM3,Administração Pública,50.7463,0.0000,49.2537,0.6700,38.8060
Eng. Aeroespacial,LM1:Línguas e Relações Empresariais|LM3:Eng. Física,LM1,Línguas e Relações Empresariais,58.3333,0.0000,41.6667,LM3,Eng. Física,48.3333,0.0000,51.6667,0.6000,45.0000
Eng. Aeroespacial,LM1:Eng. Civil|LM3:Eng. Física,LM1,Eng. Civil,44.6429,0.0000,55.3571,LM3,Eng. Física,51.7857,0.0000,48.2143,0.5600,41.0714
Eng. Aeroespacial,LM1:Contabilidade|LM3:Eng. Física,LM1,Contabilidade,64.1509,0.0000,35.8491,LM3,Eng. Física,60.3774,0.0000,39.6226,0.5300,37.7358
Eng. Aeroespacial,LM1:Gestão e Planeamento em Turismo|LM3:Eng. Computacional,LM1,Gestão e Planeamento em Turismo,60.4651,0.0000,39.5349,LM3,Eng. Computacional,55.8140,0.0000,44.1860,0.4300,44.1860
Eng. Aeroespacial,LM1:Design|LM3:Eng. Biomédica,LM1,Design,69.4444,0.0000,30.5556,LM3,Eng. Biomédica,52.7778,0.0000,47.2222,0.3600,36.1111
Eng. Aeroespacial,LM1:Gestão e Planeamento em Turismo|LM3:Eng. Física,LM1,Gestão e Planeamento em Turismo,44.0000,0.0000,56.0000,LM3,Eng. Física,64.0000,0.0000,36.0000,0.2500,40.0000
Eng. Aeroespacial,LM1:Design|LM3:Eng. Computacional,LM1,Design,47.3684,0.0000,52.6316,LM3,Eng. Computacional,52.6316,0.0000,47.3684,0.1900,26.3158
Eng. Aeroespacial,LM1:Contabilidade|LM3:Gestão,LM1,Contabilidade,47.3684,0.0000,52.6316,LM3,Gestão,68.4211,0.0000,31.5789,0.1900,31.5789
Eng. Aeroespacial,LM1:Línguas e Relações Empresariais|LM3:Gestão,LM1,Línguas e Relações Empresariais,35.2941,0.0000,64.7059,LM3,Gestão,64.7059,0.0000,35.2941,0.1700,29.4118
Eng. Aeroespacial,LM1:Eng. Civil|LM3:Gestão,LM1,Eng. Civil,42.8571,0.0000,57.1429,LM3,Gestão,28.5714,0.0000,71.4286,0.1400,28.5714
Eng. Aeroespacial,LM1:Gestão e Planeamento em Turismo|LM3:Gestão,LM1,Gestão e Planeamento em Turismo,58.3333,0.0000,41.6667,LM3,Gestão,41.6667,0.0000,58.3333,0.1200,41.6667
Eng. Aeroespacial,LM1:Design|LM3:Eng. Física,LM1,Design,45.4545,0.0000,54.5455,LM3,Eng. Física,63.6364,0.0000,36.3636,0.1100,27.2727
Eng. Aeroespacial,LM1:Biologia e Geologia|LM3:Administração Pública,LM1,Biologia e Geologia,50.0000,0.0000,50.0000,LM3,Administração Pública,0.0000,0.0000,100.0000,0.0400,0.0000
Eng. Aeroespacial,LM1:Design|LM3:Gestão,LM1,Design,50.0000,0.0000,50.0000,LM3,Gestão,50.0000,0.0000,50.0000,0.0200,0.0000
Eng. Aeroespacial,LM1:Biologia e Geologia|LM3:Eng. Física,LM1,Biologia e Geologia,100.0000,0.0000,0.0000,LM3,Eng. Física,0.0000,0.0000,100.0000,0.0100,0.0000
Eng. Biomédica,LM2:Línguas e Relações Empresariais|LM3:Eng. Aeroespacial,LM2,Línguas e Relações Empresariais,43.5484,0.0000,56.4516,LM3,Eng. Aeroespacial,44.0860,0.0000,55.9140,1.8600,22.0430
Eng. Biomédica,LM2:Contabilidade|LM3:Eng. Aeroespacial,LM2,Contabilidade,36.4706,0.0000,63.5294,LM3,Eng. Aeroespacial,42.9412,0.0000,57.0588,1.7000,22.9412
Eng. Biomédica,LM2:Eng. Civil|LM3:Tecnologias de Informação,LM2,Eng. Civil,43.9759,0.0000,56.0241,LM3,Tecnologias de Informação,46.3855,0.0000,53.6145,1.6600,34.3373
Eng. Biomédica,LM2:Línguas e Relações Empresariais|LM3:Tecnologias de Informação,LM2,Línguas e Relações Empresariais,49.6933,0.0000,50.3067,LM3,Tecnologias de Informação,41.7178,0.0000,58.2822,1.6300,32.5153
Eng. Biomédica,LM2:Eng. Civil|LM3:Eng. Aeroespacial,LM2,Eng. Civil,33.5526,0.0000,66.4474,LM3,Eng. Aeroespacial,45.3947,0.0000,54.6053,1.5200,16.4474
Eng. Biomédica,LM2:Línguas e Relações Empresariais|LM3:Biotecnologia,LM2,Línguas e Relações Empresariais,45.5782,0.0000,54.4218,LM3,Biotecnologia,44.2177,0.0000,55.7823,1.4700,20.4082
Eng. Biomédica,LM2:Línguas e Relações Empresariais|LM3:Matemática,LM2,Línguas e Relações Empresariais,43.7037,0.0000,56.2963,LM3,Matemática,50.3704,0.0000,49.6296,1.3500,39.2593
Eng. Biomédica,LM2:Contabilidade|LM3:Matemática,LM2,Contabilidade,45.5224,0.0000,54.4776,LM3,Matemática,38.0597,0.0000,61.9403,1.3400,16.4179
Eng. Biomédica,LM2:Contabilidade|LM3:Biotecnologia,LM2,Contabilidade,44.2748,0.0000,55.7252,LM3,Biotecnologia,42.7481,0.0000,57.2519,1.3100,28.2443
Eng. Biomédica,LM2:Contabilidade|LM3:Tecnologias de Informação,LM2,Contabilidade,33.8583,0.0000,66.1417,LM3,Tecnologias de Informação,48.8189,0.0000,51.1811,1.2700,19.6850
Eng. Biomédica,LM2:Eng. Civil|LM3:Matemática,LM2,Eng. Civil,40.0000,0.0000,60.0000,LM3,Matemática,53.6000,0.0000,46.4000,1.2500,39.2000
Eng. Biomédica,LM2:Eng. Civil|LM3:Biotecnologia,LM2,Eng. Civil,47.6636,0.0000,52.3364,LM3,Biotecnologia,45.7944,0.0000,54.2056,1.0700,25.2336
Eng. Biomédica,LM2:Gestão e Planeamento em Turismo|LM3:Eng. Aeroespacial,LM2,Gestão e Planeamento em Turismo,40.2174,0.0000,59.7826,LM3,Eng. Aeroespacial,34.7826,0.0000,65.2174,0.9200,13.0435
Eng. Biomédica,LM2:Línguas e Relações Empresariais|LM3:Eng. Informática,LM2,Línguas e Relações Empresariais,48.8889,0.0000,51.1111,LM3,Eng. Informática,41.1111,0.0000,58.8889,0.9000,30.0000
Eng. Biomédica,LM2:Contabilidade|LM3:Eng. Informática,LM2,Contabilidade,33.3333,0.0000,66.6667,LM3,Eng. Informática,34.4828,0.0000,65.5172,0.8700,13.7931
Eng. Biomédica,LM2:Eng. Civil|LM3:Eng. Informática,LM2,Eng. Civil,39.2857,0.0000,60.7143,LM3,Eng. Informática,40.4762,0.0000,59.5238,0.8400,30.9524
Eng. Biomédica,LM2:Gestão e Planeamento em Turismo|LM3:Tecnologias de Informação,LM2,Gestão e Planeamento em Turismo,45.4545,0.0000,54.5455,LM3,Tecnologias de Informação,45.4545,0.0000,54.5455,0.7700,33.7662
Eng. Biomédica,LM2:Gestão e Planeamento em Turismo|LM3:Biotecnologia,LM2,Gestão e Planeamento em Turismo,35.9375,0.0000,64.0625,LM3,Biotecnologia,43.7500,0.0000,56.2500,0.6400,15.6250
Eng. Biomédica,LM2:Contabilidade|LM3:MTC,LM2,Contabilidade,37.7358,0.0000,62.2642,LM3,MTC,33.9623,0.0000,66.0377,0.5300,13.2075
Eng. Biomédica,LM2:Gestão e Planeamento em Turismo|LM3:Matemática,LM2,Gestão e Planeamento em Turismo,51.9231,0.0000,48.0769,LM3,Matemática,48.0769,0.0000,51.9231,0.5200,36.5385
Eng. Biomédica,LM2:Gestão e Planeamento em Turismo|LM3:Eng. Informática,LM2,Gestão e Planeamento em Turismo,48.9796,0.0000,51.0204,LM3,Eng. Informática,40.8163,0.0000,59.1837,0.4900,32.6531
Eng. Biomédica,LM2:Design|LM3:Tecnologias de Informação,LM2,Design,48.9362,0.0000,51.0638,LM3,Tecnologias de Informação,36.1702,0.0000,63.8298,0.4700,14.8936
Eng. Biomédica,LM2:Línguas e Relações Empresariais|LM3:MTC,LM2,Línguas e Relações Empresariais,56.5217,0.0000,43.4783,LM3,MTC,39.1304,0.0000,60.8696,0.4600,30.4348
Eng. Biomédica,LM2:Eng. Civil|LM3:MTC,LM2,Eng. Civil,55.5556,0.0000,44.4444,LM3,MTC,42.2222,0.0000,57.7778,0.4500,40.0000
Eng. Biomédica,LM2:Eng. Civil|LM3:Biologia,LM2,Eng. Civil,46.1538,0.0000,53.8462,LM3,Biologia,38.4615,0.0000,61.5385,0.3900,5.1282
Eng. Biomédica,LM2:Design|LM3:Eng. Aeroespacial,LM2,Design,50.0000,0.0000,50.0000,LM3,Eng. Aeroespacial,47.2222,0.0000,52.7778,0.3600,30.5556
Eng. Biomédica,LM2:Línguas e Relações Empresariais|LM3:Biologia,LM2,Línguas e Relações Empresariais,34.3750,0.0000,65.6250,LM3,Biologia,21.8750,0.0000,78.1250,0.3200,12.5000
Eng. Biomédica,LM2:Design|LM3:Matemática,LM2,Design,48.3871,0.0000,51.6129,LM3,Matemática,32.2581,0.0000,67.7419,0.3100,19.3548
Eng. Biomédica,LM2:Design|LM3:Biotecnologia,LM2,Design,38.7097,0.0000,61.2903,LM3,Biotecnologia,45.1613,0.0000,54.8387,0.3100,29.0323
Eng. Biomédica,LM2:Contabilidade|LM3:Biologia,LM2,Contabilidade,61.2903,0.0000,38.7097,LM3,Biologia,35.4839,0.0000,64.5161,0.3100,41.9355
Eng. Biomédica,LM2:Gestão e Planeamento em Turismo|LM3:Biologia,LM2,Gestão e Planeamento em Turismo,40.9091,0.0000,59.0909,LM3,Biologia,54.5455,0.0000,45.4545,0.2200,22.7273
Eng. Biomédica,LM2:Gestão e Planeamento em Turismo|LM3:MTC,LM2,Gestão e Planeamento em Turismo,68.7500,0.0000,31.2500,LM3,MTC,37.5000,0.0000,62.5000,0.1600,18.7500
Eng. Biomédica,LM2:Design|LM3:Eng. Informática,LM2,Design,53.3333,0.0000,46.6667,LM3,Eng. Informática,46.6667,0.0000,53.3333,0.1500,33.3333
Eng. Biomédica,LM2:Design|LM3:MTC,LM2,Design,44.4444,0.0000,55.5556,LM3,MTC,66.6667,0.0000,33.3333,0.0900,44.4444
Eng. Biomédica,LM2:Design|LM3:Biologia,LM2,Design,33.3333,0.0000,66.6667,LM3,Biologia,50.0000,0.0000,50.0000,0.0600,33.3333
Eng. Biomédica,LM2:Biologia e Geologia|LM3:Eng. Informática,LM2,Biologia e Geologia,66.6667,0.0000,33.3333,LM3,Eng. Informática,66.6667,0.0000,33.3333,0.0300,66.6667
Eng. Biomédica,LM2:Biologia e Geologia|LM3:Biotecnologia,LM2,Biologia e Geologia,0.0000,0.0000,100.0000,LM3,Biotecnologia,50.0000,0.0000,50.0000,0.0200,0.0000
Eng. Biomédica,LM2:Biologia e Geologia|LM3:Biologia,LM2,Biologia e Geologia,0.0000,0.0000,100.0000,LM3,Biologia,100.0000,0.0000,0.0000,0.0100,0.0000
Eng. Biomédica,LM2:Biologia e Geologia|LM3:Tecnologias de Informação,LM2,Biologia e Geologia,0.0000,0.0000,100.0000,LM3,Tecnologias de Informação,0.0000,0.0000,100.0000,0.0100,0.0000
Eng. Biomédica,LM2:Biologia e Geologia|LM3:MTC,LM2,Biologia e Geologia,0.0000,0.0000,100.0000,LM3,MTC,100.0000,0.0000,0.0000,0.0100,0.0000
Eng. Civil,LM1:Eng. Aeroespacial|LM2:Administração Pública,LM1,Eng. Aeroespacial,49.6479,0.0000,50.3521,LM2,Administração Pública,60.9155,0.0000,39.0845,2.8400,42.9577
Eng. Civil,LM1:Tecnologias de Informação|LM2:Administração Pública,LM1,Tecnologias de Informação,43.1818,0.0000,56.8182,LM2,Administração Pública,50.3788,0.0000,49.6212,2.6400,20.4545
Eng. Civil,LM1:Biotecnologia|LM2:Administração Pública,LM1,Biotecnologia,49.7436,0.0000,50.2564,LM2,Administração Pública,49.7436,0.0000,50.2564,1.9500,37.4359
Eng. Civil,LM1:Tecnologias de Informação|LM2:Eng. Biomédica,LM1,Tecnologias de Informação,43.3735,0.0000,56.6265,LM2,Eng. Biomédica,56.0241,0.0000,43.9759,1.6600,22.2892
Eng. Civil,LM1:Eng. Aeroespacial|LM2:Eng. Biomédica,LM1,Eng. Aeroespacial,39.4737,0.0000,60.5263,LM2,Eng. Biomédica,66.4474,0.0000,33.5526,1.5200,32.8947
Eng. Civil,LM1:Eng. Informática|LM2:Administração Pública,LM1,Eng. Informática,44.0789,0.0000,55.9211,LM2,Administração Pública,54.6053,0.0000,45.3947,1.5200,25.6579
Eng. Civil,LM1:Matemática|LM2:Administração Pública,LM1,Matemática,43.8356,0.0000,56.1644,LM2,Administração Pública,50.0000,0.0000,50.0000,1.4600,21.2329
Eng. Civil,LM1:Matemática|LM2:Eng. Biomédica,LM1,Matemática,42.4000,0.0000,57.6000,LM2,Eng. Biomédica,60.0000,0.0000,40.0000,1.2500,28.0000
Eng. Civil,LM1:Biotecnologia|LM2:Eng. Biomédica,LM1,Biotecnologia,35.5140,0.0000,64.4860,LM2,Eng. Biomédica,52.3364,0.0000,47.6636,1.0700,26.1682
Eng. Civil,LM1:Tecnologias de Informação|LM2:Eng. Computacional,LM1,Tecnologias de Informação,44.3396,0.0000,55.6604,LM2,Eng. Computacional,49.0566,0.0000,50.9434,1.0600,35.8491
Eng. Civil,LM1:MTC|LM2:Administração Pública,LM1,MTC,52.8090,0.0000,47.1910,LM2,Administração Pública,61.7978,0.0000,38.2022,0.8900,33.7079
Eng. Civil,LM1:Eng. Informática|LM2:Eng. Biomédica,LM1,Eng. Informática,46.4286,0.0000,53.5714,LM2,Eng. Biomédica,60.7143,0.0000,39.2857,0.8400,25.0000
Eng. Civil,LM1:Eng. Aeroespacial|LM2:Eng. Computacional,LM1,Eng. Aeroespacial,39.7590,0.0000,60.2410,LM2,Eng. Computacional,51.8072,0.0000,48.1928,0.8300,16.8675
Eng. Civil,LM1:Biotecnologia|LM2:Eng. Computacional,LM1,Biotecnologia,49.3671,0.0000,50.6329,LM2,Eng. Computacional,56.9620,0.0000,43.0380,0.7900,25.3165
Eng. Civil,LM1:Tecnologias de Informação|LM2:Eng. Física,LM1,Tecnologias de Informação,45.3125,0.0000,54.6875,LM2,Eng. Física,64.0625,0.0000,35.9375,0.6400,45.3125
Eng. Civil,LM1:Matemática|LM2:Eng. Computacional,LM1,Matemática,42.6230,0.0000,57.3770,LM2,Eng. Computacional,63.9344,0.0000,36.0656,0.6100,40.9836
Eng. Civil,LM1:Eng. Aeroespacial|LM2:Eng. Física,LM1,Eng. Aeroespacial,55.3571,0.0000,44.6429,LM2,Eng. Física,55.3571,0.0000,44.6429,0.5600,23.2143
Eng. Civil,LM1:Biotecnologia|LM2:Eng. Física,LM1,Biotecnologia,50.9091,0.0000,49.0909,LM2,Eng. Física,58.1818,0.0000,41.8182,0.5500,30.9091
Eng. Civil,LM1:Biologia|LM2:Administração Pública,LM1,Biologia,50.9434,0.0000,49.0566,LM2,Administração Pública,47.1698,0.0000,52.8302,0.5300,39.6226
Eng. Civil,LM1:Eng. Informática|LM2:Eng. Computacional,LM1,Eng. Informática,44.0000,0.0000,56.0000,LM2,Eng. Computacional,56.0000,0.0000,44.0000,0.5000,28.0000
Eng. Civil,LM1:MTC|LM2:Eng. Biomédica,LM1,MTC,42.2222,0.0000,57.7778,LM2,Eng. Biomédica,44.4444,0.0000,55.5556,0.4500,15.5556
Eng. Civil,LM1:Matemática|LM2:Eng. Física,LM1,Matemática,35.0000,0.0000,65.0000,LM2,Eng. Física,65.0000,0.0000,35.0000,0.4000,35.0000
Eng. Civil,LM1:Biologia|LM2:Eng. Biomédica,LM1,Biologia,48.7179,0.0000,51.2821,LM2,Eng. Biomédica,53.8462,0.0000,46.1538,0.3900,46.1538
Eng. Civil,LM1:Eng. Informática|LM2:Eng. Física,LM1,Eng. Informática,29.6296,0.0000,70.3704,LM2,Eng. Física,44.4444,0.0000,55.5556,0.2700,25.9259
Eng. Civil,LM1:Biologia|LM2:Eng. Computacional,LM1,Biologia,45.8333,0.0000,54.1667,LM2,Eng. Computacional,58.3333,0.0000,41.6667,0.2400,20.8333
Eng. Civil,LM1:MTC|LM2:Eng. Computacional,LM1,MTC,45.8333,0.0000,54.1667,LM2,Eng. Computacional,58.3333,0.0000,41.6667,0.2400,50.0000
Eng. Civil,LM1:Biotecnologia|LM2:Gestão,LM1,Biotecnologia,47.0588,0.0000,52.9412,LM2,Gestão,47.0588,0.0000,52.9412,0.1700,17.6471
Eng. Civil,LM1:Tecnologias de Informação|LM2:Gestão,LM1,Tecnologias de Informação,29.4118,0.0000,70.5882,LM2,Gestão,47.0588,0.0000,52.9412,0.1700,29.4118
Eng. Civil,LM1:MTC|LM2:Eng. Física,LM1,MTC,26.6667,0.0000,73.3333,LM2,Eng. Física,46.6667,0.0000,53.3333,0.1500,33.3333
Eng. Civil,LM1:Eng. Aeroespacial|LM2:Gestão,LM1,Eng. Aeroespacial,57.1429,0.0000,42.8571,LM2,Gestão,42.8571,0.0000,57.1429,0.1400,28.5714
Eng. Civil,LM1:Eng. Informática|LM2:Gestão,LM1,Eng. Informática,80.0000,0.0000,20.0000,LM2,Gestão,70.0000,0.0000,30.0000,0.1000,50.0000
Eng. Civil,LM1:Biologia|LM2:Eng. Física,LM1,Biologia,33.3333,0.0000,66.6667,LM2,Eng. Física,44.4444,0.0000,55.5556,0.0900,11.1111
Eng. Civil,LM1:Matemática|LM2:Gestão,LM1,Matemática,75.0000,0.0000,25.0000,LM2,Gestão,25.0000,0.0000,75.0000,0.0800,25.0000
Eng. Civil,LM1:Biologia|LM2:Gestão,LM1,Biologia,75.0000,0.0000,25.0000,LM2,Gestão,50.0000,0.0000,50.0000,0.0400,25.0000
Eng. Civil,LM1:MTC|LM2:Gestão,LM1,MTC,0.0000,0.0000,100.0000,LM2,Gestão,0.0000,0.0000,100.0000,0.0100,0.0000
Eng. Computacional,LM2:Contabilidade|LM3:Eng. Aeroespacial,LM2,Contabilidade,42.9825,0.0000,57.0175,LM3,Eng. Aeroespacial,42.1053,0.0000,57.8947,1.1400,32.4561
Eng. Computacional,LM2:Eng. Civil|LM3:Tecnologias de Informação,LM2,Eng. Civil,50.9434,0.0000,49.0566,LM3,Tecnologias de Informação,51.8868,0.0000,48.1132,1.0600,26.4151
Eng. Computacional,LM2:Línguas e Relações Empresariais|LM3:Tecnologias de Informação,LM2,Línguas e Relações Empresariais,37.1134,0.0000,62.8866,LM3,Tecnologias de Informação,45.3608,0.0000,54.6392,0.9700,36.0825
Eng. Computacional,LM2:Línguas e Relações Empresariais|LM3:Eng. Aeroespacial,LM2,Línguas e Relações Empresariais,46.4286,0.0000,53.5714,LM3,Eng. Aeroespacial,50.0000,0.0000,50.0000,0.8400,26.1905
Eng. Computacional,LM2:Eng. Civil|LM3:Eng. Aeroespacial,LM2,Eng. Civil,48.1928,0.0000,51.8072,LM3,Eng. Aeroespacial,45.7831,0.0000,54.2169,0.8300,32.5301
Eng. Computacional,LM2:Eng. Civil|LM3:Biotecnologia,LM2,Eng. Civil,43.0380,0.0000,56.9620,LM3,Biotecnologia,49.3671,0.0000,50.6329,0.7900,32.9114
Eng. Computacional,LM2:Contabilidade|LM3:Tecnologias de Informação,LM2,Contabilidade,47.2973,0.0000,52.7027,LM3,Tecnologias de Informação,45.9459,0.0000,54.0541,0.7400,22.9730
Eng. Computacional,LM2:Contabilidade|LM3:Biotecnologia,LM2,Contabilidade,44.2857,0.0000,55.7143,LM3,Biotecnologia,51.4286,0.0000,48.5714,0.7000,27.1429
Eng. Computacional,LM2:Contabilidade|LM3:Matemática,LM2,Contabilidade,31.8182,0.0000,68.1818,LM3,Matemática,40.9091,0.0000,59.0909,0.6600,16.6667
Eng. Computacional,LM2:Línguas e Relações Empresariais|LM3:Biotecnologia,LM2,Línguas e Relações Empresariais,43.0769,0.0000,56.9231,LM3,Biotecnologia,44.6154,0.0000,55.3846,0.6500,21.5385
Eng. Computacional,LM2:Línguas e Relações Empresariais|LM3:Matemática,LM2,Línguas e Relações Empresariais,48.3871,0.0000,51.6129,LM3,Matemática,40.3226,0.0000,59.6774,0.6200,29.0323
Eng. Computacional,LM2:Eng. Civil|LM3:Matemática,LM2,Eng. Civil,36.0656,0.0000,63.9344,LM3,Matemática,44.2623,0.0000,55.7377,0.6100,14.7541
Eng. Computacional,LM2:Contabilidade|LM3:Eng. Informática,LM2,Contabilidade,49.1228,0.0000,50.8772,LM3,Eng. Informática,50.8772,0.0000,49.1228,0.5700,26.3158
Eng. Computacional,LM2:Línguas e Relações Empresariais|LM3:Eng. Informática,LM2,Línguas e Relações Empresariais,43.3962,0.0000,56.6038,LM3,Eng. Informática,49.0566,0.0000,50.9434,0.5300,43.3962
Eng. Computacional,LM2:Eng. Civil|LM3:Eng. Informática,LM2,Eng. Civil,44.0000,0.0000,56.0000,LM3,Eng. Informática,32.0000,0.0000,68.0000,0.5000,22.0000
Eng. Computacional,LM2:Gestão e Planeamento em Turismo|LM3:Tecnologias de Informação,LM2,Gestão e Planeamento em Turismo,38.2979,0.0000,61.7021,LM3,Tecnologias de Informação,57.4468,0.0000,42.5532,0.4700,40.4255
Eng. Computacional,LM2:Gestão e Planeamento em Turismo|LM3:Eng. Aeroespacial,LM2,Gestão e Planeamento em Turismo,46.5116,0.0000,53.4884,LM3,Eng. Aeroespacial,44.1860,0.0000,55.8140,0.4300,27.9070
Eng. Computacional,LM2:Gestão e Planeamento em Turismo|LM3:Biotecnologia,LM2,Gestão e Planeamento em Turismo,51.3514,0.0000,48.6486,LM3,Biotecnologia,48.6486,0.0000,51.3514,0.3700,21.6216
Eng. Computacional,LM2:Gestão e Planeamento em Turismo|LM3:Matemática,LM2,Gestão e Planeamento em Turismo,31.4286,0.0000,68.5714,LM3,Matemática,54.2857,0.0000,45.7143,0.3500,34.2857
Eng. Computacional,LM2:Línguas e Relações Empresariais|LM3:Biologia,LM2,Línguas e Relações Empresariais,37.0370,0.0000,62.9630,LM3,Biologia,48.1481,0.0000,51.8519,0.2700,14.8148
Eng. Computacional,LM2:Gestão e Planeamento em Turismo|LM3:Eng. Informática,LM2,Gestão e Planeamento em Turismo,38.4615,0.0000,61.5385,LM3,Eng. Informática,38.4615,0.0000,61.5385,0.2600,26.9231
Eng. Computacional,LM2:Eng. Civil|LM3:Biologia,LM2,Eng. Civil,41.6667,0.0000,58.3333,LM3,Biologia,70.8333,0.0000,29.1667,0.2400,37.5000
Eng. Computacional,LM2:Eng. Civil|LM3:MTC,LM2,Eng. Civil,41.6667,0.0000,58.3333,LM3,MTC,50.0000,0.0000,50.0000,0.2400,16.6667
Eng. Computacional,LM2:Contabilidade|LM3:Biologia,LM2,Contabilidade,52.1739,0.0000,47.8261,LM3,Biologia,30.4348,0.0000,69.5652,0.2300,21.7391
Eng. Computacional,LM2:Línguas e Relações Empresariais|LM3:MTC,LM2,Línguas e Relações Empresariais,65.2174,0.0000,34.7826,LM3,MTC,60.8696,0.0000,39.1304,0.2300,56.5217
Eng. Computacional,LM2:Contabilidade|LM3:MTC,LM2,Contabilidade,9.0909,0.0000,90.9091,LM3,MTC,50.0000,0.0000,50.0000,0.2200,4.5455
Eng. Computacional,LM2:Design|LM3:Tecnologias de Informação,LM2,Design,28.5714,0.0000,71.4286,LM3,Tecnologias de Informação,57.1429,0.0000,42.8571,0.2100,23.8095
Eng. Computacional,LM2:Design|LM3:Eng. Aeroespacial,LM2,Design,36.8421,0.0000,63.1579,LM3,Eng. Aeroespacial,47.3684,0.0000,52.6316,0.1900,31.5789
Eng. Computacional,LM2:Design|LM3:Matemática,LM2,Design,52.9412,0.0000,47.0588,LM3,Matemática,35.2941,0.0000,64.7059,0.1700,17.6471
Eng. Computacional,LM2:Design|LM3:Biotecnologia,LM2,Design,25.0000,0.0000,75.0000,LM3,Biotecnologia,43.7500,0.0000,56.2500,0.1600,18.7500
Eng. Computacional,LM2:Design|LM3:Eng. Informática,LM2,Design,46.6667,0.0000,53.3333,LM3,Eng. Informática,40.0000,0.0000,60.0000,0.1500,20.0000
Eng. Computacional,LM2:Gestão e Planeamento em Turismo|LM3:Biologia,LM2,Gestão e Planeamento em Turismo,36.3636,0.0000,63.6364,LM3,Biologia,36.3636,0.0000,63.6364,0.1100,18.1818
Eng. Computacional,LM2:Gestão e Planeamento em Turismo|LM3:MTC,LM2,Gestão e Planeamento em Turismo,37.5000,0.0000,62.5000,LM3,MTC,50.0000,0.0000,50.0000,0.0800,37.5000
Eng. Computacional,LM2:Design|LM3:MTC,LM2,Design,50.0000,0.0000,50.0000,LM3,MTC,33.3333,0.0000,66.6667,0.0600,16.6667
Eng. Computacional,LM2:Design|LM3:Biologia,LM2,Design,40.0000,0.0000,60.0000,LM3,Biologia,20.0000,0.0000,80.0000,0.0500,40.0000
Eng. Computacional,LM2:Biologia e Geologia|LM3:Biotecnologia,LM2,Biologia e Geologia,50.0000,0.0000,50.0000,LM3,Biotecnologia,100.0000,0.0000,0.0000,0.0200,50.0000
Eng. Computacional,LM2:Biologia e Geologia|LM3:Eng. Informática,LM2,Biologia e Geologia,0.0000,0.0000,100.0000,LM3,Eng. Informática,100.0000,0.0000,0.0000,0.0100,0.0000
Eng. Computacional,LM2:Biologia e Geologia|LM3:Tecnologias de Informação,LM2,Biologia e Geologia,100.0000,0.0000,0.0000,LM3,Tecnologias de Informação,100.0000,0.0000,0.0000,0.0100,100.0000
Eng. Computacional,LM2:Biologia e Geologia|LM3:Matemática,LM2,Biologia e Geologia,100.0000,0.0000,0.0000,LM3,Matemática,0.0000,0.0000,100.0000,0.0100,0.0000
Eng. Computacional,LM2:Biologia e Geologia|LM3:MTC,LM2,Biologia e Geologia,100.0000,0.0000,0.0000,LM3,MTC,100.0000,0.0000,0.0000,0.0100,100.0000
Eng. Física,LM2:Eng. Civil|LM3:Tecnologias de Informação,LM2,Eng. Civil,35.9375,0.0000,64.0625,LM3,Tecnologias de Informação,43.7500,0.0000,56.2500,0.6400,17.1875
Eng. Física,LM2:Línguas e Relações Empresariais|LM3:Tecnologias de Informação,LM2,Línguas e Relações Empresariais,40.3226,0.0000,59.6774,LM3,Tecnologias de Informação,43.5484,0.0000,56.4516,0.6200,35.4839
Eng. Física,LM2:Línguas e Relações Empresariais|LM3:Eng. Aeroespacial,LM2,Línguas e Relações Empresariais,43.3333,0.0000,56.6667,LM3,Eng. Aeroespacial,51.6667,0.0000,48.3333,0.6000,26.6667
Eng. Física,LM2:Eng. Civil|LM3:Eng. Aeroespacial,LM2,Eng. Civil,44.6429,0.0000,55.3571,LM3,Eng. Aeroespacial,48.2143,0.0000,51.7857,0.5600,35.7143
Eng. Física,LM2:Eng. Civil|LM3:Biotecnologia,LM2,Eng. Civil,41.8182,0.0000,58.1818,LM3,Biotecnologia,52.7273,0.0000,47.2727,0.5500,30.9091
Eng. Física,LM2:Contabilidade|LM3:Eng. Aeroespacial,LM2,Contabilidade,41.5094,0.0000,58.4906,LM3,Eng. Aeroespacial,39.6226,0.0000,60.3774,0.5300,28.3019
Eng. Física,LM2:Contabilidade|LM3:Tecnologias de Informação,LM2,Contabilidade,58.6957,0.0000,41.3043,LM3,Tecnologias de Informação,43.4783,0.0000,56.5217,0.4600,26.0870
Eng. Física,LM2:Línguas e Relações Empresariais|LM3:Biotecnologia,LM2,Línguas e Relações Empresariais,54.3478,0.0000,45.6522,LM3,Biotecnologia,45.6522,0.0000,54.3478,0.4600,23.9130
Eng. Física,LM2:Contabilidade|LM3:Matemática,LM2,Contabilidade,46.5116,0.0000,53.4884,LM3,Matemática,48.8372,0.0000,51.1628,0.4300,23.2558
Eng. Física,LM2:Eng. Civil|LM3:Matemática,LM2,Eng. Civil,35.0000,0.0000,65.0000,LM3,Matemática,32.5000,0.0000,67.5000,0.4000,12.5000
Eng. Física,LM2:Línguas e Relações Empresariais|LM3:Matemática,LM2,Línguas e Relações Empresariais,43.2432,0.0000,56.7568,LM3,Matemática,56.7568,0.0000,43.2432,0.3700,40.5405
Eng. Física,LM2:Línguas e Relações Empresariais|LM3:Eng. Informática,LM2,Línguas e Relações Empresariais,37.8378,0.0000,62.1622,LM3,Eng. Informática,45.9459,0.0000,54.0541,0.3700,32.4324
Eng. Física,LM2:Contabilidade|LM3:Biotecnologia,LM2,Contabilidade,38.7097,0.0000,61.2903,LM3,Biotecnologia,45.1613,0.0000,54.8387,0.3100,29.0323
Eng. Física,LM2:Contabilidade|LM3:Eng. Informática,LM2,Contabilidade,53.3333,0.0000,46.6667,LM3,Eng. Informática,60.0000,0.0000,40.0000,0.3000,30.0000
Eng. Física,LM2:Eng. Civil|LM3:Eng. Informática,LM2,Eng. Civil,55.5556,0.0000,44.4444,LM3,Eng. Informática,44.4444,0.0000,55.5556,0.2700,25.9259
Eng. Física,LM2:Gestão e Planeamento em Turismo|LM3:Eng. Aeroespacial,LM2,Gestão e Planeamento em Turismo,48.0000,0.0000,52.0000,LM3,Eng. Aeroespacial,36.0000,0.0000,64.0000,0.2500,16.0000
Eng. Física,LM2:Gestão e Planeamento em Turismo|LM3:Biotecnologia,LM2,Gestão e Planeamento em Turismo,45.4545,0.0000,54.5455,LM3,Biotecnologia,50.0000,0.0000,50.0000,0.2200,22.7273
Eng. Física,LM2:Gestão e Planeamento em Turismo|LM3:Matemática,LM2,Gestão e Planeamento em Turismo,47.3684,0.0000,52.6316,LM3,Matemática,42.1053,0.0000,57.8947,0.1900,21.0526
Eng. Física,LM2:Contabilidade|LM3:MTC,LM2,Contabilidade,61.1111,0.0000,38.8889,LM3,MTC,66.6667,0.0000,33.3333,0.1800,38.8889
Eng. Física,LM2:Eng. Civil|LM3:MTC,LM2,Eng. Civil,53.3333,0.0000,46.6667,LM3,MTC,46.6667,0.0000,53.3333,0.1500,33.3333
Eng. Física,LM2:Gestão e Planeamento em Turismo|LM3:Tecnologias de Informação,LM2,Gestão e Planeamento em Turismo,57.1429,0.0000,42.8571,LM3,Tecnologias de Informação,35.7143,0.0000,64.2857,0.1400,28.5714
Eng. Física,LM2:Design|LM3:Tecnologias de Informação,LM2,Design,83.3333,0.0000,16.6667,LM3,Tecnologias de Informação,50.0000,0.0000,50.0000,0.1200,41.6667
Eng. Física,LM2:Gestão e Planeamento em Turismo|LM3:Eng. Informática,LM2,Gestão e Planeamento em Turismo,36.3636,0.0000,63.6364,LM3,Eng. Informática,45.4545,0.0000,54.5455,0.1100,27.2727
Eng. Física,LM2:Design|LM3:Eng. Aeroespacial,LM2,Design,45.4545,0.0000,54.5455,LM3,Eng. Aeroespacial,36.3636,0.0000,63.6364,0.1100,27.2727
Eng. Física,LM2:Design|LM3:Matemática,LM2,Design,33.3333,0.0000,66.6667,LM3,Matemática,66.6667,0.0000,33.3333,0.0900,22.2222
Eng. Física,LM2:Eng. Civil|LM3:Biologia,LM2,Eng. Civil,55.5556,0.0000,44.4444,LM3,Biologia,55.5556,0.0000,44.4444,0.0900,44.4444
Eng. Física,LM2:Línguas e Relações Empresariais|LM3:MTC,LM2,Línguas e Relações Empresariais,50.0000,0.0000,50.0000,LM3,MTC,50.0000,0.0000,50.0000,0.0800,37.5000
Eng. Física,LM2:Contabilidade|LM3:Biologia,LM2,Contabilidade,71.4286,0.0000,28.5714,LM3,Biologia,71.4286,0.0000,28.5714,0.0700,71.4286
Eng. Física,LM2:Design|LM3:Biotecnologia,LM2,Design,42.8571,0.0000,57.1429,LM3,Biotecnologia,42.8571,0.0000,57.1429,0.0700,28.5714
Eng. Física,LM2:Línguas e Relações Empresariais|LM3:Biologia,LM2,Línguas e Relações Empresariais,40.0000,0.0000,60.0000,LM3,Biologia,80.0000,0.0000,20.0000,0.0500,20.0000
Eng. Física,LM2:Design|LM3:Eng. Informática,LM2,Design,20.0000,0.0000,80.0000,LM3,Eng. Informática,80.0000,0.0000,20.0000,0.0500,20.0000
Eng. Física,LM2:Gestão e Planeamento em Turismo|LM3:MTC,LM2,Gestão e Planeamento em Turismo,20.0000,0.0000,80.0000,LM3,MTC,20.0000,0.0000,80.0000,0.0500,20.0000
Eng. Física,LM2:Design|LM3:Biologia,LM2,Design,33.3333,0.0000,66.6667,LM3,Biologia,33.3333,0.0000,66.6667,0.0300,33.3333
Eng. Física,LM2:Biologia e Geologia|LM3:Eng. Informática,LM2,Biologia e Geologia,0.0000,0.0000,100.0000,LM3,Eng. Informática,100.0000,0.0000,0.0000,0.0100,0.0000
Eng. Física,LM2:Biologia e Geologia|LM3:Eng. Aeroespacial,LM2,Biologia e Geologia,0.0000,0.0000,100.0000,LM3,Eng. Aeroespacial,100.0000,0.0000,0.0000,0.0100,0.0000
Eng. Física,LM2:Gestão e Planeamento em Turismo|LM3:Biologia,LM2,Gestão e Planeamento em Turismo,100.0000,0.0000,0.0000,LM3,Biologia,0.0000,0.0000,100.0000,0.0100,0.0000
Eng. Física,LM2:Biologia e Geologia|LM3:Biotecnologia,LM2,Biologia e Geologia,0.0000,0.0000,100.0000,LM3,Biotecnologia,100.0000,0.0000,0.0000,0.0100,0.0000
Eng. Informática,LM1:Eng. Civil|LM3:Administração Pública,LM1,Eng. Civil,55.9211,0.0000,44.0789,LM3,Administração Pública,51.3158,0.0000,48.6842,1.5200,35.5263
Eng. Informática,LM1:Contabilidade|LM3:Administração Pública,LM1,Contabilidade,57.0470,0.0000,42.9530,LM3,Administração Pública,50.3356,0.0000,49.6644,1.4900,38.2550
Eng. Informática,LM1:Línguas e Relações Empresariais|LM3:Administração Pública,LM1,Línguas e Relações Empresariais,51.7730,0.0000,48.2270,LM3,Administração Pública,57.4468,0.0000,42.5532,1.4100,30.4965
Eng. Informática,LM1:Línguas e Relações Empresariais|LM3:Eng. Biomédica,LM1,Línguas e Relações Empresariais,54.4444,0.0000,45.5556,LM3,Eng. Biomédica,58.8889,0.0000,41.1111,0.9000,33.3333
Eng. Informática,LM1:Contabilidade|LM3:Eng. Biomédica,LM1,Contabilidade,52.8736,0.0000,47.1264,LM3,Eng. Biomédica,65.5172,0.0000,34.4828,0.8700,43.6782
Eng. Informática,LM1:Eng. Civil|LM3:Eng. Biomédica,LM1,Eng. Civil,53.5714,0.0000,46.4286,LM3,Eng. Biomédica,59.5238,0.0000,40.4762,0.8400,44.0476
Eng. Informática,LM1:Gestão e Planeamento em Turismo|LM3:Administração Pública,LM1,Gestão e Planeamento em Turismo,48.5294,0.0000,51.4706,LM3,Administração Pública,57.3529,0.0000,42.6471,0.6800,32.3529
Eng. Informática,LM1:Contabilidade|LM3:Eng. Computacional,LM1,Contabilidade,49.1228,0.0000,50.8772,LM3,Eng. Computacional,49.1228,0.0000,50.8772,0.5700,29.8246
Eng. Informática,LM1:Línguas e Relações Empresariais|LM3:Eng. Computacional,LM1,Línguas e Relações Empresariais,64.1509,0.0000,35.8491,LM3,Eng. Computacional,50.9434,0.0000,49.0566,0.5300,30.1887
Eng. Informática,LM1:Eng. Civil|LM3:Eng. Computacional,LM1,Eng. Civil,56.0000,0.0000,44.0000,LM3,Eng. Computacional,68.0000,0.0000,32.0000,0.5000,50.0000
Eng. Informática,LM1:Gestão e Planeamento em Turismo|LM3:Eng. Biomédica,LM1,Gestão e Planeamento em Turismo,51.0204,0.0000,48.9796,LM3,Eng. Biomédica,59.1837,0.0000,40.8163,0.4900,28.5714
Eng. Informática,LM1:Línguas e Relações Empresariais|LM3:Eng. Física,LM1,Línguas e Relações Empresariais,54.0541,0.0000,45.9459,LM3,Eng. Física,54.0541,0.0000,45.9459,0.3700,27.0270
Eng. Informática,LM1:Contabilidade|LM3:Eng. Física,LM1,Contabilidade,66.6667,0.0000,33.3333,LM3,Eng. Física,40.0000,0.0000,60.0000,0.3000,33.3333
Eng. Informática,LM1:Eng. Civil|LM3:Eng. Física,LM1,Eng. Civil,70.3704,0.0000,29.6296,LM3,Eng. Física,55.5556,0.0000,44.4444,0.2700,48.1481
Eng. Informática,LM1:Design|LM3:Administração Pública,LM1,Design,61.5385,0.0000,38.4615,LM3,Administração Pública,65.3846,0.0000,34.6154,0.2600,42.3077
Eng. Informática,LM1:Gestão e Planeamento em Turismo|LM3:Eng. Computacional,LM1,Gestão e Planeamento em Turismo,57.6923,0.0000,42.3077,LM3,Eng. Computacional,61.5385,0.0000,38.4615,0.2600,34.6154
Eng. Informática,LM1:Design|LM3:Eng. Biomédica,LM1,Design,40.0000,0.0000,60.0000,LM3,Eng. Biomédica,53.3333,0.0000,46.6667,0.1500,46.6667
Eng. Informática,LM1:Design|LM3:Eng. Computacional,LM1,Design,66.6667,0.0000,33.3333,LM3,Eng. Computacional,60.0000,0.0000,40.0000,0.1500,53.3333
Eng. Informática,LM1:Gestão e Planeamento em Turismo|LM3:Eng. Física,LM1,Gestão e Planeamento em Turismo,54.5455,0.0000,45.4545,LM3,Eng. Física,54.5455,0.0000,45.4545,0.1100,45.4545
Eng. Informática,LM1:Eng. Civil|LM3:Gestão,LM1,Eng. Civil,20.0000,0.0000,80.0000,LM3,Gestão,60.0000,0.0000,40.0000,0.1000,20.0000
Eng. Informática,LM1:Gestão e Planeamento em Turismo|LM3:Gestão,LM1,Gestão e Planeamento em Turismo,25.0000,0.0000,75.0000,LM3,Gestão,37.5000,0.0000,62.5000,0.0800,12.5000
Eng. Informática,LM1:Contabilidade|LM3:Gestão,LM1,Contabilidade,33.3333,0.0000,66.6667,LM3,Gestão,50.0000,0.0000,50.0000,0.0600,16.6667
Eng. Informática,LM1:Línguas e Relações Empresariais|LM3:Gestão,LM1,Línguas e Relações Empresariais,66.6667,0.0000,33.3333,LM3,Gestão,66.6667,0.0000,33.3333,0.0600,50.0000
Eng. Informática,LM1:Design|LM3:Eng. Física,LM1,Design,60.0000,0.0000,40.0000,LM3,Eng. Física,20.0000,0.0000,80.0000,0.0500,20.0000
Eng. Informática,LM1:Biologia e Geologia|LM3:Eng. Biomédica,LM1,Biologia e Geologia,66.6667,0.0000,33.3333,LM3,Eng. Biomédica,33.3333,0.0000,66.6667,0.0300,33.3333
Eng. Informática,LM1:Biologia e Geologia|LM3:Administração Pública,LM1,Biologia e Geologia,50.0000,0.0000,50.0000,LM3,Administração Pública,100.0000,0.0000,0.0000,0.0200,100.0000
Eng. Informática,LM1:Biologia e Geologia|LM3:Eng. Computacional,LM1,Biologia e Geologia,0.0000,0.0000,100.0000,LM3,Eng. Computacional,0.0000,0.0000,100.0000,0.0100,0.0000
Eng. Informática,LM1:Design|LM3:Gestão,LM1,Design,100.0000,0.0000,0.0000,LM3,Gestão,100.0000,0.0000,0.0000,0.0100,100.0000
Eng. Informática,LM1:Biologia e Geologia|LM3:Eng. Física,LM1,Biologia e Geologia,100.0000,0.0000,0.0000,LM3,Eng. Física,0.0000,0.0000,100.0000,0.0100,0.0000
Gestão,LM2:Contabilidade|LM3:Tecnologias de Informação,LM2,Contabilidade,50.0000,0.0000,50.0000,LM3,Tecnologias de Informação,35.0000,0.0000,65.0000,0.2000,15.0000
Gestão,LM2:Contabilidade|LM3:Eng. Aeroespacial,LM2,Contabilidade,47.3684,0.0000,52.6316,LM3,Eng. Aeroespacial,31.5789,0.0000,68.4211,0.1900,31.5789
Gestão,LM2:Línguas e Relações Empresariais|LM3:Biotecnologia,LM2,Línguas e Relações Empresariais,44.4444,0.0000,55.5556,LM3,Biotecnologia,44.4444,0.0000,55.5556,0.1800,22.2222
Gestão,LM2:Eng. Civil|LM3:Biotecnologia,LM2,Eng. Civil,52.9412,0.0000,47.0588,LM3,Biotecnologia,58.8235,0.0000,41.1765,0.1700,41.1765
Gestão,LM2:Línguas e Relações Empresariais|LM3:Eng. Aeroespacial,LM2,Línguas e Relações Empresariais,41.1765,0.0000,58.8235,LM3,Eng. Aeroespacial,35.2941,0.0000,64.7059,0.1700,17.6471
Gestão,LM2:Eng. Civil|LM3:Tecnologias de Informação,LM2,Eng. Civil,52.9412,0.0000,47.0588,LM3,Tecnologias de Informação,47.0588,0.0000,52.9412,0.1700,35.2941
Gestão,LM2:Línguas e Relações Empresariais|LM3:Tecnologias de Informação,LM2,Línguas e Relações Empresariais,46.6667,0.0000,53.3333,LM3,Tecnologias de Informação,33.3333,0.0000,66.6667,0.1500,33.3333
Gestão,LM2:Eng. Civil|LM3:Eng. Aeroespacial,LM2,Eng. Civil,57.1429,0.0000,42.8571,LM3,Eng. Aeroespacial,71.4286,0.0000,28.5714,0.1400,42.8571
Gestão,LM2:Contabilidade|LM3:Biotecnologia,LM2,Contabilidade,61.5385,0.0000,38.4615,LM3,Biotecnologia,38.4615,0.0000,61.5385,0.1300,46.1538
Gestão,LM2:Gestão e Planeamento em Turismo|LM3:Eng. Aeroespacial,LM2,Gestão e Planeamento em Turismo,58.3333,0.0000,41.6667,LM3,Eng. Aeroespacial,58.3333,0.0000,41.6667,0.1200,41.6667
Gestão,LM2:Eng. Civil|LM3:Eng. Informática,LM2,Eng. Civil,30.0000,0.0000,70.0000,LM3,Eng. Informática,40.0000,0.0000,60.0000,0.1000,30.0000
Gestão,LM2:Contabilidade|LM3:Matemática,LM2,Contabilidade,33.3333,0.0000,66.6667,LM3,Matemática,55.5556,0.0000,44.4444,0.0900,22.2222
Gestão,LM2:Eng. Civil|LM3:Matemática,LM2,Eng. Civil,75.0000,0.0000,25.0000,LM3,Matemática,75.0000,0.0000,25.0000,0.0800,62.5000
Gestão,LM2:Gestão e Planeamento em Turismo|LM3:Eng. Informática,LM2,Gestão e Planeamento em Turismo,37.5000,0.0000,62.5000,LM3,Eng. Informática,62.5000,0.0000,37.5000,0.0800,25.0000
Gestão,LM2:Gestão e Planeamento em Turismo|LM3:Matemática,LM2,Gestão e Planeamento em Turismo,0.0000,0.0000,100.0000,LM3,Matemática,71.4286,0.0000,28.5714,0.0700,57.1429
Gestão,LM2:Línguas e Relações Empresariais|LM3:Matemática,LM2,Línguas e Relações Empresariais,28.5714,0.0000,71.4286,LM3,Matemática,57.1429,0.0000,42.8571,0.0700,28.5714
Gestão,LM2:Línguas e Relações Empresariais|LM3:MTC,LM2,Línguas e Relações Empresariais,42.8571,0.0000,57.1429,LM3,MTC,28.5714,0.0000,71.4286,0.0700,28.5714
Gestão,LM2:Contabilidade|LM3:Eng. Informática,LM2,Contabilidade,66.6667,0.0000,33.3333,LM3,Eng. Informática,50.0000,0.0000,50.0000,0.0600,50.0000
Gestão,LM2:Línguas e Relações Empresariais|LM3:Eng. Informática,LM2,Línguas e Relações Empresariais,33.3333,0.0000,66.6667,LM3,Eng. Informática,33.3333,0.0000,66.6667,0.0600,16.6667
Gestão,LM2:Design|LM3:Tecnologias de Informação,LM2,Design,50.0000,0.0000,50.0000,LM3,Tecnologias de Informação,0.0000,0.0000,100.0000,0.0600,0.0000
Gestão,LM2:Design|LM3:Biotecnologia,LM2,Design,60.0000,0.0000,40.0000,LM3,Biotecnologia,60.0000,0.0000,40.0000,0.0500,60.0000
Gestão,LM2:Gestão e Planeamento em Turismo|LM3:Tecnologias de Informação,LM2,Gestão e Planeamento em Turismo,60.0000,0.0000,40.0000,LM3,Tecnologias de Informação,60.0000,0.0000,40.0000,0.0500,40.0000
Gestão,LM2:Contabilidade|LM3:Biologia,LM2,Contabilidade,50.0000,0.0000,50.0000,LM3,Biologia,0.0000,0.0000,100.0000,0.0400,0.0000
Gestão,LM2:Eng. Civil|LM3:Biologia,LM2,Eng. Civil,50.0000,0.0000,50.0000,LM3,Biologia,50.0000,0.0000,50.0000,0.0400,50.0000
Gestão,LM2:Design|LM3:Matemática,LM2,Design,75.0000,0.0000,25.0000,LM3,Matemática,50.0000,0.0000,50.0000,0.0400,50.0000
Gestão,LM2:Línguas e Relações Empresariais|LM3:Biologia,LM2,Línguas e Relações Empresariais,33.3333,0.0000,66.6667,LM3,Biologia,33.3333,0.0000,66.6667,0.0300,33.3333
Gestão,LM2:Contabilidade|LM3:MTC,LM2,Contabilidade,33.3333,0.0000,66.6667,LM3,MTC,66.6667,0.0000,33.3333,0.0300,0.0000
Gestão,LM2:Gestão e Planeamento em Turismo|LM3:Biotecnologia,LM2,Gestão e Planeamento em Turismo,100.0000,0.0000,0.0000,LM3,Biotecnologia,50.0000,0.0000,50.0000,0.0200,50.0000
Gestão,LM2:Design|LM3:Eng. Aeroespacial,LM2,Design,50.0000,0.0000,50.0000,LM3,Eng. Aeroespacial,50.0000,0.0000,50.0000,0.0200,50.0000
Gestão,LM2:Design|LM3:Biologia,LM2,Design,0.0000,0.0000,100.0000,LM3,Biologia,0.0000,0.0000,100.0000,0.0200,0.0000
Gestão,LM2:Gestão e Planeamento em Turismo|LM3:MTC,LM2,Gestão e Planeamento em Turismo,100.0000,0.0000,0.0000,LM3,MTC,0.0000,0.0000,100.0000,0.0100,0.0000
Gestão,LM2:Design|LM3:Eng. Informática,LM2,Design,0.0000,0.0000,100.0000,LM3,Eng. Informática,0.0000,0.0000,100.0000,0.0100,0.0000
Gestão,LM2:Eng. Civil|LM3:MTC,LM2,Eng. Civil,100.0000,0.0000,0.0000,LM3,MTC,0.0000,0.0000,100.0000,0.0100,0.0000
Gestão e Planeamento em Turismo,LM1:Eng. Aeroespacial|LM2:Administração Pública,LM1,Eng. Aeroespacial,38.2353,0.0000,61.7647,LM2,Administração Pública,56.6176,0.0000,43.3824,1.3600,32.3529
Gestão e Planeamento em Turismo,LM1:Tecnologias de Informação|LM2:Administração Pública,LM1,Tecnologias de Informação,48.8372,0.0000,51.1628,LM2,Administração Pública,58.9147,0.0000,41.0853,1.2900,29.4574
Gestão e Planeamento em Turismo,LM1:Matemática|LM2:Administração Pública,LM1,Matemática,47.1154,0.0000,52.8846,LM2,Administração Pública,50.0000,0.0000,50.0000,1.0400,24.0385
Gestão e Planeamento em Turismo,LM1:Biotecnologia|LM2:Administração Pública,LM1,Biotecnologia,40.1961,0.0000,59.8039,LM2,Administração Pública,47.0588,0.0000,52.9412,1.0200,28.4314
Gestão e Planeamento em Turismo,LM1:Eng. Aeroespacial|LM2:Eng. Biomédica,LM1,Eng. Aeroespacial,52.1739,0.0000,47.8261,LM2,Eng. Biomédica,59.7826,0.0000,40.2174,0.9200,46.7391
Gestão e Planeamento em Turismo,LM1:Tecnologias de Informação|LM2:Eng. Biomédica,LM1,Tecnologias de Informação,40.2597,0.0000,59.7403,LM2,Eng. Biomédica,54.5455,0.0000,45.4545,0.7700,20.7792
Gestão e Planeamento em Turismo,LM1:Eng. Informática|LM2:Administração Pública,LM1,Eng. Informática,51.4706,0.0000,48.5294,LM2,Administração Pública,47.0588,0.0000,52.9412,0.6800,35.2941
Gestão e Planeamento em Turismo,LM1:Biotecnologia|LM2:Eng. Biomédica,LM1,Biotecnologia,40.6250,0.0000,59.3750,LM2,Eng. Biomédica,64.0625,0.0000,35.9375,0.6400,31.2500
Gestão e Planeamento em Turismo,LM1:Matemática|LM2:Eng. Biomédica,LM1,Matemática,46.1538,0.0000,53.8462,LM2,Eng. Biomédica,48.0769,0.0000,51.9231,0.5200,26.9231
Gestão e Planeamento em Turismo,LM1:Eng. Informática|LM2:Eng. Biomédica,LM1,Eng. Informática,48.9796,0.0000,51.0204,LM2,Eng. Biomédica,51.0204,0.0000,48.9796,0.4900,38.7755
Gestão e Planeamento em Turismo,LM1:Tecnologias de Informação|LM2:Eng. Computacional,LM1,Tecnologias de Informação,42.5532,0.0000,57.4468,LM2,Eng. Computacional,61.7021,0.0000,38.2979,0.4700,29.7872
Gestão e Planeamento em Turismo,LM1:Eng. Aeroespacial|LM2:Eng. Computacional,LM1,Eng. Aeroespacial,39.5349,0.0000,60.4651,LM2,Eng. Computacional,53.4884,0.0000,46.5116,0.4300,27.9070
Gestão e Planeamento em Turismo,LM1:MTC|LM2:Administração Pública,LM1,MTC,50.0000,0.0000,50.0000,LM2,Administração Pública,57.8947,0.0000,42.1053,0.3800,34.2105
Gestão e Planeamento em Turismo,LM1:Biotecnologia|LM2:Eng. Computacional,LM1,Biotecnologia,56.7568,0.0000,43.2432,LM2,Eng. Computacional,48.6486,0.0000,51.3514,0.3700,45.9459
Gestão e Planeamento em Turismo,LM1:Matemática|LM2:Eng. Computacional,LM1,Matemática,45.7143,0.0000,54.2857,LM2,Eng. Computacional,68.5714,0.0000,31.4286,0.3500,37.1429
Gestão e Planeamento em Turismo,LM1:Biologia|LM2:Administração Pública,LM1,Biologia,35.7143,0.0000,64.2857,LM2,Administração Pública,50.0000,0.0000,50.0000,0.2800,25.0000
Gestão e Planeamento em Turismo,LM1:Eng. Informática|LM2:Eng. Computacional,LM1,Eng. Informática,42.3077,0.0000,57.6923,LM2,Eng. Computacional,61.5385,0.0000,38.4615,0.2600,38.4615
Gestão e Planeamento em Turismo,LM1:Eng. Aeroespacial|LM2:Eng. Física,LM1,Eng. Aeroespacial,56.0000,0.0000,44.0000,LM2,Eng. Física,52.0000,0.0000,48.0000,0.2500,44.0000
Gestão e Planeamento em Turismo,LM1:Biologia|LM2:Eng. Biomédica,LM1,Biologia,59.0909,0.0000,40.9091,LM2,Eng. Biomédica,59.0909,0.0000,40.9091,0.2200,45.4545
Gestão e Planeamento em Turismo,LM1:Biotecnologia|LM2:Eng. Física,LM1,Biotecnologia,54.5455,0.0000,45.4545,LM2,Eng. Física,54.5455,0.0000,45.4545,0.2200,36.3636
Gestão e Planeamento em Turismo,LM1:Matemática|LM2:Eng. Física,LM1,Matemática,42.1053,0.0000,57.8947,LM2,Eng. Física,52.6316,0.0000,47.3684,0.1900,26.3158
Gestão e Planeamento em Turismo,LM1:MTC|LM2:Eng. Biomédica,LM1,MTC,37.5000,0.0000,62.5000,LM2,Eng. Biomédica,31.2500,0.0000,68.7500,0.1600,18.7500
Gestão e Planeamento em Turismo,LM1:Tecnologias de Informação|LM2:Eng. Física,LM1,Tecnologias de Informação,42.8571,0.0000,57.1429,LM2,Eng. Física,42.8571,0.0000,57.1429,0.1400,14.2857
Gestão e Planeamento em Turismo,LM1:Eng. Aeroespacial|LM2:Gestão,LM1,Eng. Aeroespacial,41.6667,0.0000,58.3333,LM2,Gestão,41.6667,0.0000,58.3333,0.1200,16.6667
Gestão e Planeamento em Turismo,LM1:Biologia|LM2:Eng. Computacional,LM1,Biologia,45.4545,0.0000,54.5455,LM2,Eng. Computacional,63.6364,0.0000,36.3636,0.1100,36.3636
Gestão e Planeamento em Turismo,LM1:Eng. Informática|LM2:Eng. Física,LM1,Eng. Informática,45.4545,0.0000,54.5455,LM2,Eng. Física,63.6364,0.0000,36.3636,0.1100,27.2727
Gestão e Planeamento em Turismo,LM1:Eng. Informática|LM2:Gestão,LM1,Eng. Informática,75.0000,0.0000,25.0000,LM2,Gestão,62.5000,0.0000,37.5000,0.0800,62.5000
Gestão e Planeamento em Turismo,LM1:MTC|LM2:Eng. Computacional,LM1,MTC,25.0000,0.0000,75.0000,LM2,Eng. Computacional,62.5000,0.0000,37.5000,0.0800,12.5000
Gestão e Planeamento em Turismo,LM1:Matemática|LM2:Gestão,LM1,Matemática,28.5714,0.0000,71.4286,LM2,Gestão,100.0000,0.0000,0.0000,0.0700,28.5714
Gestão e Planeamento em Turismo,LM1:MTC|LM2:Eng. Física,LM1,MTC,60.0000,0.0000,40.0000,LM2,Eng. Física,80.0000,0.0000,20.0000,0.0500,40.0000
Gestão e Planeamento em Turismo,LM1:Tecnologias de Informação|LM2:Gestão,LM1,Tecnologias de Informação,60.0000,0.0000,40.0000,LM2,Gestão,40.0000,0.0000,60.0000,0.0500,20.0000
Gestão e Planeamento em Turismo,LM1:Biotecnologia|LM2:Gestão,LM1,Biotecnologia,100.0000,0.0000,0.0000,LM2,Gestão,0.0000,0.0000,100.0000,0.0200,50.0000
Gestão e Planeamento em Turismo,LM1:MTC|LM2:Gestão,LM1,MTC,100.0000,0.0000,0.0000,LM2,Gestão,0.0000,0.0000,100.0000,0.0100,0.0000
Gestão e Planeamento em Turismo,LM1:Biologia|LM2:Eng. Física,LM1,Biologia,0.0000,0.0000,100.0000,LM2,Eng. Física,0.0000,0.0000,100.0000,0.0100,0.0000
Línguas e Relações Empresariais,LM1:Tecnologias de Informação|LM2:Administração Pública,LM1,Tecnologias de Informação,44.6097,0.0000,55.3903,LM2,Administração Pública,55.3903,0.0000,44.6097,2.6900,24.9071
Línguas e Relações Empresariais,LM1:Eng. Aeroespacial|LM2:Administração Pública,LM1,Eng. Aeroespacial,45.4902,0.0000,54.5098,LM2,Administração Pública,56.0784,0.0000,43.9216,2.5500,38.4314
Línguas e Relações Empresariais,LM1:Biotecnologia|LM2:Administração Pública,LM1,Biotecnologia,43.1193,0.0000,56.8807,LM2,Administração Pública,57.3394,0.0000,42.6606,2.1800,35.7798
Línguas e Relações Empresariais,LM1:Matemática|LM2:Administração Pública,LM1,Matemática,51.7949,0.0000,48.2051,LM2,Administração Pública,54.3590,0.0000,45.6410,1.9500,27.1795
Línguas e Relações Empresariais,LM1:Eng. Aeroespacial|LM2:Eng. Biomédica,LM1,Eng. Aeroespacial,42.4731,0.0000,57.5269,LM2,Eng. Biomédica,56.4516,0.0000,43.5484,1.8600,33.8710
Línguas e Relações Empresariais,LM1:Tecnologias de Informação|LM2:Eng. Biomédica,LM1,Tecnologias de Informação,42.9448,0.0000,57.0552,LM2,Eng. Biomédica,50.3067,0.0000,49.6933,1.6300,20.8589
Línguas e Relações Empresariais,LM1:Biotecnologia|LM2:Eng. Biomédica,LM1,Biotecnologia,44.2177,0.0000,55.7823,LM2,Eng. Biomédica,54.4218,0.0000,45.5782,1.4700,34.6939
Línguas e Relações Empresariais,LM1:Eng. Informática|LM2:Administração Pública,LM1,Eng. Informática,48.2270,0.0000,51.7730,LM2,Administração Pública,53.9007,0.0000,46.0993,1.4100,36.8794
Línguas e Relações Empresariais,LM1:Matemática|LM2:Eng. Biomédica,LM1,Matemática,37.7778,0.0000,62.2222,LM2,Eng. Biomédica,56.2963,0.0000,43.7037,1.3500,22.2222
Línguas e Relações Empresariais,LM1:Tecnologias de Informação|LM2:Eng. Computacional,LM1,Tecnologias de Informação,31.9588,0.0000,68.0412,LM2,Eng. Computacional,62.8866,0.0000,37.1134,0.9700,19.5876
Línguas e Relações Empresariais,LM1:Eng. Informática|LM2:Eng. Biomédica,LM1,Eng. Informática,45.5556,0.0000,54.4444,LM2,Eng. Biomédica,51.1111,0.0000,48.8889,0.9000,36.6667
Línguas e Relações Empresariais,LM1:Eng. Aeroespacial|LM2:Eng. Computacional,LM1,Eng. Aeroespacial,45.2381,0.0000,54.7619,LM2,Eng. Computacional,53.5714,0.0000,46.4286,0.8400,30.9524
Línguas e Relações Empresariais,LM1:MTC|LM2:Administração Pública,LM1,MTC,44.9275,0.0000,55.0725,LM2,Administração Pública,52.1739,0.0000,47.8261,0.6900,23.1884
Línguas e Relações Empresariais,LM1:Biotecnologia|LM2:Eng. Computacional,LM1,Biotecnologia,53.8462,0.0000,46.1538,LM2,Eng. Computacional,56.9231,0.0000,43.0769,0.6500,36.9231
Línguas e Relações Empresariais,LM1:Matemática|LM2:Eng. Computacional,LM1,Matemática,41.9355,0.0000,58.0645,LM2,Eng. Computacional,51.6129,0.0000,48.3871,0.6200,20.9677
Línguas e Relações Empresariais,LM1:Tecnologias de Informação|LM2:Eng. Física,LM1,Tecnologias de Informação,51.6129,0.0000,48.3871,LM2,Eng. Física,59.6774,0.0000,40.3226,0.6200,30.6452
Línguas e Relações Empresariais,LM1:Eng. Aeroespacial|LM2:Eng. Física,LM1,Eng. Aeroespacial,41.6667,0.0000,58.3333,LM2,Eng. Física,56.6667,0.0000,43.3333,0.6000,28.3333
Línguas e Relações Empresariais,LM1:Eng. Informática|LM2:Eng. Computacional,LM1,Eng. Informática,35.8491,0.0000,64.1509,LM2,Eng. Computacional,56.6038,0.0000,43.3962,0.5300,26.4151
Línguas e Relações Empresariais,LM1:Biologia|LM2:Administração Pública,LM1,Biologia,31.3725,0.0000,68.6275,LM2,Administração Pública,50.9804,0.0000,49.0196,0.5100,19.6078
Línguas e Relações Empresariais,LM1:MTC|LM2:Eng. Biomédica,LM1,MTC,39.1304,0.0000,60.8696,LM2,Eng. Biomédica,43.4783,0.0000,56.5217,0.4600,21.7391
Línguas e Relações Empresariais,LM1:Biotecnologia|LM2:Eng. Física,LM1,Biotecnologia,39.1304,0.0000,60.8696,LM2,Eng. Física,45.6522,0.0000,54.3478,0.4600,26.0870
Línguas e Relações Empresariais,LM1:Matemática|LM2:Eng. Física,LM1,Matemática,40.5405,0.0000,59.4595,LM2,Eng. Física,56.7568,0.0000,43.2432,0.3700,29.7297
Línguas e Relações Empresariais,LM1:Eng. Informática|LM2:Eng. Física,LM1,Eng. Informática,45.9459,0.0000,54.0541,LM2,Eng. Física,62.1622,0.0000,37.8378,0.3700,40.5405
Línguas e Relações Empresariais,LM1:Biologia|LM2:Eng. Biomédica,LM1,Biologia,59.3750,0.0000,40.6250,LM2,Eng. Biomédica,65.6250,0.0000,34.3750,0.3200,50.0000
Línguas e Relações Empresariais,LM1:Biologia|LM2:Eng. Computacional,LM1,Biologia,29.6296,0.0000,70.3704,LM2,Eng. Computacional,62.9630,0.0000,37.0370,0.2700,18.5185
Línguas e Relações Empresariais,LM1:MTC|LM2:Eng. Computacional,LM1,MTC,39.1304,0.0000,60.8696,LM2,Eng. Computacional,34.7826,0.0000,65.2174,0.2300,13.0435
Línguas e Relações Empresariais,LM1:Biotecnologia|LM2:Gestão,LM1,Biotecnologia,55.5556,0.0000,44.4444,LM2,Gestão,55.5556,0.0000,44.4444,0.1800,44.4444
Línguas e Relações Empresariais,LM1:Eng. Aeroespacial|LM2:Gestão,LM1,Eng. Aeroespacial,64.7059,0.0000,35.2941,LM2,Gestão,58.8235,0.0000,41.1765,0.1700,52.9412
Línguas e Relações Empresariais,LM1:Tecnologias de Informação|LM2:Gestão,LM1,Tecnologias de Informação,53.3333,0.0000,46.6667,LM2,Gestão,53.3333,0.0000,46.6667,0.1500,20.0000
Línguas e Relações Empresariais,LM1:MTC|LM2:Eng. Física,LM1,MTC,62.5000,0.0000,37.5000,LM2,Eng. Física,50.0000,0.0000,50.0000,0.0800,37.5000
Línguas e Relações Empresariais,LM1:Matemática|LM2:Gestão,LM1,Matemática,57.1429,0.0000,42.8571,LM2,Gestão,71.4286,0.0000,28.5714,0.0700,42.8571
Línguas e Relações Empresariais,LM1:MTC|LM2:Gestão,LM1,MTC,28.5714,0.0000,71.4286,LM2,Gestão,57.1429,0.0000,42.8571,0.0700,28.5714
Línguas e Relações Empresariais,LM1:Eng. Informática|LM2:Gestão,LM1,Eng. Informática,33.3333,0.0000,66.6667,LM2,Gestão,66.6667,0.0000,33.3333,0.0600,33.3333
Línguas e Relações Empresariais,LM1:Biologia|LM2:Eng. Física,LM1,Biologia,60.0000,0.0000,40.0000,LM2,Eng. Física,60.0000,0.0000,40.0000,0.0500,60.0000
Línguas e Relações Empresariais,LM1:Biologia|LM2:Gestão,LM1,Biologia,33.3333,0.0000,66.6667,LM2,Gestão,66.6667,0.0000,33.3333,0.0300,33.3333
MTC,LM1:Eng. Civil|LM3:Administração Pública,LM1,Eng. Civil,47.1910,0.0000,52.8090,LM3,Administração Pública,58.4270,0.0000,41.5730,0.8900,38.2022
MTC,LM1:Contabilidade|LM3:Administração Pública,LM1,Contabilidade,52.7778,0.0000,47.2222,LM3,Administração Pública,52.7778,0.0000,47.2222,0.7200,41.6667
MTC,LM1:Línguas e Relações Empresariais|LM3:Administração Pública,LM1,Línguas e Relações Empresariais,55.0725,0.0000,44.9275,LM3,Administração Pública,56.5217,0.0000,43.4783,0.6900,42.0290
MTC,LM1:Contabilidade|LM3:Eng. Biomédica,LM1,Contabilidade,54.7170,0.0000,45.2830,LM3,Eng. Biomédica,66.0377,0.0000,33.9623,0.5300,50.9434
MTC,LM1:Línguas e Relações Empresariais|LM3:Eng. Biomédica,LM1,Línguas e Relações Empresariais,60.8696,0.0000,39.1304,LM3,Eng. Biomédica,60.8696,0.0000,39.1304,0.4600,47.8261
MTC,LM1:Eng. Civil|LM3:Eng. Biomédica,LM1,Eng. Civil,57.7778,0.0000,42.2222,LM3,Eng. Biomédica,57.7778,0.0000,42.2222,0.4500,44.4444
MTC,LM1:Gestão e Planeamento em Turismo|LM3:Administração Pública,LM1,Gestão e Planeamento em Turismo,50.0000,0.0000,50.0000,LM3,Administração Pública,57.8947,0.0000,42.1053,0.3800,28.9474
MTC,LM1:Eng. Civil|LM3:Eng. Computacional,LM1,Eng. Civil,54.1667,0.0000,45.8333,LM3,Eng. Computacional,50.0000,0.0000,50.0000,0.2400,33.3333
MTC,LM1:Línguas e Relações Empresariais|LM3:Eng. Computacional,LM1,Línguas e Relações Empresariais,60.8696,0.0000,39.1304,LM3,Eng. Computacional,39.1304,0.0000,60.8696,0.2300,30.4348
MTC,LM1:Contabilidade|LM3:Eng. Computacional,LM1,Contabilidade,45.4545,0.0000,54.5455,LM3,Eng. Computacional,50.0000,0.0000,50.0000,0.2200,22.7273
MTC,LM1:Contabilidade|LM3:Eng. Física,LM1,Contabilidade,38.8889,0.0000,61.1111,LM3,Eng. Física,33.3333,0.0000,66.6667,0.1800,27.7778
MTC,LM1:Gestão e Planeamento em Turismo|LM3:Eng. Biomédica,LM1,Gestão e Planeamento em Turismo,62.5000,0.0000,37.5000,LM3,Eng. Biomédica,62.5000,0.0000,37.5000,0.1600,62.5000
MTC,LM1:Eng. Civil|LM3:Eng. Física,LM1,Eng. Civil,73.3333,0.0000,26.6667,LM3,Eng. Física,53.3333,0.0000,46.6667,0.1500,33.3333
MTC,LM1:Design|LM3:Eng. Biomédica,LM1,Design,100.0000,0.0000,0.0000,LM3,Eng. Biomédica,33.3333,0.0000,66.6667,0.0900,33.3333
MTC,LM1:Design|LM3:Administração Pública,LM1,Design,37.5000,0.0000,62.5000,LM3,Administração Pública,50.0000,0.0000,50.0000,0.0800,37.5000
MTC,LM1:Línguas e Relações Empresariais|LM3:Eng. Física,LM1,Línguas e Relações Empresariais,37.5000,0.0000,62.5000,LM3,Eng. Física,50.0000,0.0000,50.0000,0.0800,25.0000
MTC,LM1:Gestão e Planeamento em Turismo|LM3:Eng. Computacional,LM1,Gestão e Planeamento em Turismo,75.0000,0.0000,25.0000,LM3,Eng. Computacional,50.0000,0.0000,50.0000,0.0800,50.0000
MTC,LM1:Línguas e Relações Empresariais|LM3:Gestão,LM1,Línguas e Relações Empresariais,71.4286,0.0000,28.5714,LM3,Gestão,71.4286,0.0000,28.5714,0.0700,42.8571
MTC,LM1:Design|LM3:Eng. Computacional,LM1,Design,33.3333,0.0000,66.6667,LM3,Eng. Computacional,66.6667,0.0000,33.3333,0.0600,50.0000
MTC,LM1:Gestão e Planeamento em Turismo|LM3:Eng. Física,LM1,Gestão e Planeamento em Turismo,40.0000,0.0000,60.0000,LM3,Eng. Física,80.0000,0.0000,20.0000,0.0500,40.0000
MTC,LM1:Contabilidade|LM3:Gestão,LM1,Contabilidade,33.3333,0.0000,66.6667,LM3,Gestão,33.3333,0.0000,66.6667,0.0300,33.3333
MTC,LM1:Gestão e Planeamento em Turismo|LM3:Gestão,LM1,Gestão e Planeamento em Turismo,0.0000,0.0000,100.0000,LM3,Gestão,100.0000,0.0000,0.0000,0.0100,100.0000
MTC,LM1:Biologia e Geologia|LM3:Eng. Biomédica,LM1,Biologia e Geologia,0.0000,0.0000,100.0000,LM3,Eng. Biomédica,0.0000,0.0000,100.0000,0.0100,0.0000
MTC,LM1:Biologia e Geologia|LM3:Administração Pública,LM1,Biologia e Geologia,100.0000,0.0000,0.0000,LM3,Administração Pública,100.0000,0.0000,0.0000,0.0100,100.0000
MTC,LM1:Eng. Civil|LM3:Gestão,LM1,Eng. Civil,100.0000,0.0000,0.0000,LM3,Gestão,100.0000,0.0000,0.0000,0.0100,100.0000
MTC,LM1:Biologia e Geologia|LM3:Eng. Computacional,LM1,Biologia e Geologia,100.0000,0.0000,0.0000,LM3,Eng. Computacional,0.0000,0.0000,100.0000,0.0100,0.0000
Matemática,LM1:Línguas e Relações Empresariais|LM3:Administração Pública,LM1,Línguas e Relações Empresariais,48.2051,0.0000,51.7949,LM3,Administração Pública,58.9744,0.0000,41.0256,1.9500,44.1026
Matemática,LM1:Contabilidade|LM3:Administração Pública,LM1,Contabilidade,54.8571,0.0000,45.1429,LM3,Administração Pública,49.7143,0.0000,50.2857,1.7500,39.4286
Matemática,LM1:Eng. Civil|LM3:Administração Pública,LM1,Eng. Civil,56.1644,0.0000,43.8356,LM3,Administração Pública,52.7397,0.0000,47.2603,1.4600,41.7808
Matemática,LM1:Línguas e Relações Empresariais|LM3:Eng. Biomédica,LM1,Línguas e Relações Empresariais,62.2222,0.0000,37.7778,LM3,Eng. Biomédica,49.6296,0.0000,50.3704,1.3500,38.5185
Matemática,LM1:Contabilidade|LM3:Eng. Biomédica,LM1,Contabilidade,60.4478,0.0000,39.5522,LM3,Eng. Biomédica,61.9403,0.0000,38.0597,1.3400,48.5075
Matemática,LM1:Eng. Civil|LM3:Eng. Biomédica,LM1,Eng. Civil,57.6000,0.0000,42.4000,LM3,Eng. Biomédica,46.4000,0.0000,53.6000,1.2500,32.8000
Matemática,LM1:Gestão e Planeamento em Turismo|LM3:Administração Pública,LM1,Gestão e Planeamento em Turismo,52.8846,0.0000,47.1154,LM3,Administração Pública,61.5385,0.0000,38.4615,1.0400,45.1923
Matemática,LM1:Contabilidade|LM3:Eng. Computacional,LM1,Contabilidade,54.5455,0.0000,45.4545,LM3,Eng. Computacional,59.0909,0.0000,40.9091,0.6600,36.3636
Matemática,LM1:Línguas e Relações Empresariais|LM3:Eng. Computacional,LM1,Línguas e Relações Empresariais,58.0645,0.0000,41.9355,LM3,Eng. Computacional,59.6774,0.0000,40.3226,0.6200,50.0000
Matemática,LM1:Eng. Civil|LM3:Eng. Computacional,LM1,Eng. Civil,57.3770,0.0000,42.6230,LM3,Eng. Computacional,55.7377,0.0000,44.2623,0.6100,44.2623
Matemática,LM1:Gestão e Planeamento em Turismo|LM3:Eng. Biomédica,LM1,Gestão e Planeamento em Turismo,53.8462,0.0000,46.1538,LM3,Eng. Biomédica,51.9231,0.0000,48.0769,0.5200,36.5385
Matemática,LM1:Contabilidade|LM3:Eng. Física,LM1,Contabilidade,53.4884,0.0000,46.5116,LM3,Eng. Física,51.1628,0.0000,48.8372,0.4300,37.2093
Matemática,LM1:Eng. Civil|LM3:Eng. Física,LM1,Eng. Civil,65.0000,0.0000,35.0000,LM3,Eng. Física,67.5000,0.0000,32.5000,0.4000,52.5000
Matemática,LM1:Línguas e Relações Empresariais|LM3:Eng. Física,LM1,Línguas e Relações Empresariais,59.4595,0.0000,40.5405,LM3,Eng. Física,43.2432,0.0000,56.7568,0.3700,29.7297
Matemática,LM1:Gestão e Planeamento em Turismo|LM3:Eng. Computacional,LM1,Gestão e Planeamento em Turismo,54.2857,0.0000,45.7143,LM3,Eng. Computacional,45.7143,0.0000,54.2857,0.3500,28.5714
Matemática,LM1:Design|LM3:Administração Pública,LM1,Design,42.4242,0.0000,57.5758,LM3,Administração Pública,51.5152,0.0000,48.4848,0.3300,39.3939
Matemática,LM1:Design|LM3:Eng. Biomédica,LM1,Design,61.2903,0.0000,38.7097,LM3,Eng. Biomédica,67.7419,0.0000,32.2581,0.3100,51.6129
Matemática,LM1:Gestão e Planeamento em Turismo|LM3:Eng. Física,LM1,Gestão e Planeamento em Turismo,57.8947,0.0000,42.1053,LM3,Eng. Física,57.8947,0.0000,42.1053,0.1900,52.6316
Matemática,LM1:Design|LM3:Eng. Computacional,LM1,Design,64.7059,0.0000,35.2941,LM3,Eng. Computacional,64.7059,0.0000,35.2941,0.1700,47.0588
Matemática,LM1:Contabilidade|LM3:Gestão,LM1,Contabilidade,55.5556,0.0000,44.4444,LM3,Gestão,44.4444,0.0000,55.5556,0.0900,22.2222
Matemática,LM1:Design|LM3:Eng. Física,LM1,Design,44.4444,0.0000,55.5556,LM3,Eng. Física,33.3333,0.0000,66.6667,0.0900,22.2222
Matemática,LM1:Eng. Civil|LM3:Gestão,LM1,Eng. Civil,25.0000,0.0000,75.0000,LM3,Gestão,25.0000,0.0000,75.0000,0.0800,12.5000
Matemática,LM1:Gestão e Planeamento em Turismo|LM3:Gestão,LM1,Gestão e Planeamento em Turismo,71.4286,0.0000,28.5714,LM3,Gestão,28.5714,0.0000,71.4286,0.0700,14.2857
Matemática,LM1:Línguas e Relações Empresariais|LM3:Gestão,LM1,Línguas e Relações Empresariais,42.8571,0.0000,57.1429,LM3,Gestão,42.8571,0.0000,57.1429,0.0700,28.5714
Matemática,LM1:Design|LM3:Gestão,LM1,Design,75.0000,0.0000,25.0000,LM3,Gestão,50.0000,0.0000,50.0000,0.0400,25.0000
Matemática,LM1:Biologia e Geologia|LM3:Administração Pública,LM1,Biologia e Geologia,100.0000,0.0000,0.0000,LM3,Administração Pública,100.0000,0.0000,0.0000,0.0200,100.0000
Matemática,LM1:Biologia e Geologia|LM3:Eng. Computacional,LM1,Biologia e Geologia,0.0000,0.0000,100.0000,LM3,Eng. Computacional,100.0000,0.0000,0.0000,0.0100,100.0000
Tecnologias de Informação,LM1:Línguas e Relações Empresariais|LM3:Administração Pública,LM1,Línguas e Relações Empresariais,55.3903,0.0000,44.6097,LM3,Administração Pública,53.9033,0.0000,46.0967,2.6900,39.4052
Tecnologias de Informação,LM1:Eng. Civil|LM3:Administração Pública,LM1,Eng. Civil,56.8182,0.0000,43.1818,LM3,Administração Pública,55.3030,0.0000,44.6970,2.6400,42.4242
Tecnologias de Informação,LM1:Contabilidade|LM3:Administração Pública,LM1,Contabilidade,48.7395,0.0000,51.2605,LM3,Administração Pública,56.3025,0.0000,43.6975,2.3800,41.5966
Tecnologias de Informação,LM1:Eng. Civil|LM3:Eng. Biomédica,LM1,Eng. Civil,56.6265,0.0000,43.3735,LM3,Eng. Biomédica,53.6145,0.0000,46.3855,1.6600,43.3735
Tecnologias de Informação,LM1:Línguas e Relações Empresariais|LM3:Eng. Biomédica,LM1,Línguas e Relações Empresariais,57.0552,0.0000,42.9448,LM3,Eng. Biomédica,58.2822,0.0000,41.7178,1.6300,46.6258
Tecnologias de Informação,LM1:Gestão e Planeamento em Turismo|LM3:Administração Pública,LM1,Gestão e Planeamento em Turismo,51.1628,0.0000,48.8372,LM3,Administração Pública,60.4651,0.0000,39.5349,1.2900,41.8605
Tecnologias de Informação,LM1:Contabilidade|LM3:Eng. Biomédica,LM1,Contabilidade,64.5669,0.0000,35.4331,LM3,Eng. Biomédica,51.1811,0.0000,48.8189,1.2700,37.0079
Tecnologias de Informação,LM1:Eng. Civil|LM3:Eng. Computacional,LM1,Eng. Civil,55.6604,0.0000,44.3396,LM3,Eng. Computacional,48.1132,0.0000,51.8868,1.0600,37.7358
Tecnologias de Informação,LM1:Línguas e Relações Empresariais|LM3:Eng. Computacional,LM1,Línguas e Relações Empresariais,68.0412,0.0000,31.9588,LM3,Eng. Computacional,54.6392,0.0000,45.3608,0.9700,44.3299
Tecnologias de Informação,LM1:Gestão e Planeamento em Turismo|LM3:Eng. Biomédica,LM1,Gestão e Planeamento em Turismo,59.7403,0.0000,40.2597,LM3,Eng. Biomédica,54.5455,0.0000,45.4545,0.7700,45.4545
Tecnologias de Informação,LM1:Contabilidade|LM3:Eng. Computacional,LM1,Contabilidade,52.7027,0.0000,47.2973,LM3,Eng. Computacional,54.0541,0.0000,45.9459,0.7400,36.4865
Tecnologias de Informação,LM1:Eng. Civil|LM3:Eng. Física,LM1,Eng. Civil,54.6875,0.0000,45.3125,LM3,Eng. Física,56.2500,0.0000,43.7500,0.6400,37.5000
Tecnologias de Informação,LM1:Línguas e Relações Empresariais|LM3:Eng. Física,LM1,Línguas e Relações Empresariais,48.3871,0.0000,51.6129,LM3,Eng. Física,56.4516,0.0000,43.5484,0.6200,33.8710
Tecnologias de Informação,LM1:Design|LM3:Administração Pública,LM1,Design,56.6667,0.0000,43.3333,LM3,Administração Pública,61.6667,0.0000,38.3333,0.6000,46.6667
Tecnologias de Informação,LM1:Gestão e Planeamento em Turismo|LM3:Eng. Computacional,LM1,Gestão e Planeamento em Turismo,57.4468,0.0000,42.5532,LM3,Eng. Computacional,42.5532,0.0000,57.4468,0.4700,29.7872
Tecnologias de Informação,LM1:Design|LM3:Eng. Biomédica,LM1,Design,72.3404,0.0000,27.6596,LM3,Eng. Biomédica,63.8298,0.0000,36.1702,0.4700,55.3191
Tecnologias de Informação,LM1:Contabilidade|LM3:Eng. Física,LM1,Contabilidade,50.0000,0.0000,50.0000,LM3,Eng. Física,56.5217,0.0000,43.4783,0.4600,45.6522
Tecnologias de Informação,LM1:Design|LM3:Eng. Computacional,LM1,Design,61.9048,0.0000,38.0952,LM3,Eng. Computacional,42.8571,0.0000,57.1429,0.2100,23.8095
Tecnologias de Informação,LM1:Contabilidade|LM3:Gestão,LM1,Contabilidade,65.0000,0.0000,35.0000,LM3,Gestão,65.0000,0.0000,35.0000,0.2000,55.0000
Tecnologias de Informação,LM1:Eng. Civil|LM3:Gestão,LM1,Eng. Civil,70.5882,0.0000,29.4118,LM3,Gestão,52.9412,0.0000,47.0588,0.1700,35.2941
Tecnologias de Informação,LM1:Línguas e Relações Empresariais|LM3:Gestão,LM1,Línguas e Relações Empresariais,46.6667,0.0000,53.3333,LM3,Gestão,66.6667,0.0000,33.3333,0.1500,46.6667
Tecnologias de Informação,LM1:Gestão e Planeamento em Turismo|LM3:Eng. Física,LM1,Gestão e Planeamento em Turismo,57.1429,0.0000,42.8571,LM3,Eng. Física,64.2857,0.0000,35.7143,0.1400,57.1429
Tecnologias de Informação,LM1:Design|LM3:Eng. Física,LM1,Design,41.6667,0.0000,58.3333,LM3,Eng. Física,50.0000,0.0000,50.0000,0.1200,41.6667
Tecnologias de Informação,LM1:Design|LM3:Gestão,LM1,Design,66.6667,0.0000,33.3333,LM3,Gestão,100.0000,0.0000,0.0000,0.0600,100.0000
Tecnologias de Informação,LM1:Gestão e Planeamento em Turismo|LM3:Gestão,LM1,Gestão e Planeamento em Turismo,40.0000,0.0000,60.0000,LM3,Gestão,40.0000,0.0000,60.0000,0.0500,40.0000
Tecnologias de Informação,LM1:Biologia e Geologia|LM3:Administração Pública,LM1,Biologia e Geologia,50.0000,0.0000,50.0000,LM3,Administração Pública,50.0000,0.0000,50.0000,0.0200,50.0000
Tecnologias de Informação,LM1:Biologia e Geologia|LM3:Eng. Biomédica,LM1,Biologia e Geologia,100.0000,0.0000,0.0000,LM3,Eng. Biomédica,100.0000,0.0000,0.0000,0.0100,100.0000
Tecnologias de Informação,LM1:Biologia e Geologia|LM3:Eng. Computacional,LM1,Biologia e Geologia,100.0000,0.0000,0.0000,LM3,Eng. Computacional,0.0000,0.0000,100.0000,0.0100,0.0000
